Nomor Perkara,Tanggal Penetapan,Tanggal Sidang Pertama
58/Pid.Sus-TPK/2019/PN Jkt.Pst,"Senin, 29 Apr. 2019","Senin, 06 Mei 2019"
57/Pid.Sus-TPK/2019/PN Jkt.Pst,"Senin, 29 Apr. 2019","Senin, 06 Mei 2019"
61/Pid.Sus-TPK/2019/PN Jkt.Pst, - , - 
60/Pid.Sus-TPK/2019/PN Jkt.Pst,"Selasa, 30 Apr. 2019","Kamis, 09 Mei 2019"
38/Pid.Sus-TPK/2019/PN Jkt.Pst,"Rabu, 20 Mar. 2019","Rabu, 27 Mar. 2019"
42/Pid.Sus-TPK/2019/PN Jkt.Pst,"Kamis, 28 Mar. 2019","Senin, 08 Apr. 2019"
41/Pid.Sus-TPK/2019/PN Jkt.Pst,"Kamis, 28 Mar. 2019","Senin, 08 Apr. 2019"
40/Pid.Sus-TPK/2019/PN Jkt.Pst,"Kamis, 28 Mar. 2019","Senin, 08 Apr. 2019"
39/Pid.Sus-TPK/2019/PN Jkt.Pst,"Kamis, 28 Mar. 2019","Senin, 08 Apr. 2019"
43/Pid.Sus-TPK/2019/PN Jkt.Pst,"Kamis, 28 Mar. 2019","Senin, 08 Apr. 2019"
44/Pid.Sus-TPK/2019/PN Jkt.Pst,"Jumat, 05 Apr. 2019","Rabu, 10 Apr. 2019"
47/Pid.Sus-TPK/2019/PN Jkt.Pst,"Senin, 08 Apr. 2019","Kamis, 11 Apr. 2019"
46/Pid.Sus-TPK/2019/PN Jkt.Pst,"Senin, 08 Apr. 2019","Kamis, 11 Apr. 2019"
45/Pid.Sus-TPK/2019/PN Jkt.Pst,"Senin, 08 Apr. 2019","Kamis, 11 Apr. 2019"
48/Pid.Sus-TPK/2019/PN Jkt.Pst,"Jumat, 05 Apr. 2019","Senin, 15 Apr. 2019"
49/Pid.Sus-TPK/2019/PN Jkt.Pst,"Jumat, 12 Apr. 2019","Senin, 22 Apr. 2019"
53/Pid.Sus-TPK/2019/PN Jkt.Pst,"Kamis, 11 Apr. 2019","Senin, 22 Apr. 2019"
52/Pid.Sus-TPK/2019/PN Jkt.Pst,"Kamis, 11 Apr. 2019","Senin, 22 Apr. 2019"
51/Pid.Sus-TPK/2019/PN Jkt.Pst,"Rabu, 10 Apr. 2019","Senin, 22 Apr. 2019"
50/Pid.Sus-TPK/2019/PN Jkt.Pst,"Kamis, 11 Apr. 2019","Senin, 22 Apr. 2019"
56/Pid.Sus-TPK/2019/PN Jkt.Pst,"Senin, 29 Apr. 2019","Rabu, 08 Mei 2019"
55/Pid.Sus-TPK/2019/PN Jkt.Pst,"Kamis, 25 Apr. 2019","Rabu, 08 Mei 2019"
54/Pid.Sus-TPK/2019/PN Jkt.Pst,"Senin, 29 Apr. 2019","Rabu, 08 Mei 2019"
59/Pid.Sus-TPK/2019/PN Jkt.Pst,"Selasa, 30 Apr. 2019","Rabu, 08 Mei 2019"
17/Pid.Sus-TPK/2019/PN Jkt.Pst,"Kamis, 07 Feb. 2019","Rabu, 13 Feb. 2019"
16/Pid.Sus-TPK/2019/PN Jkt.Pst,"Kamis, 07 Feb. 2019","Rabu, 13 Feb. 2019"
20/Pid.Sus-TPK/2019/PN Jkt.Pst,"Jumat, 08 Feb. 2019","Rabu, 13 Feb. 2019"
21/Pid.Sus-TPK/2019/PN Jkt.Pst,"Kamis, 14 Feb. 2019","Rabu, 20 Feb. 2019"
24/Pid.Sus-TPK/2019/PN Jkt.Pst,"Jumat, 22 Feb. 2019","Rabu, 06 Mar. 2019"
23/Pid.Sus-TPK/2019/PN Jkt.Pst,"Jumat, 22 Feb. 2019","Rabu, 06 Mar. 2019"
22/Pid.Sus-TPK/2019/PN Jkt.Pst,"Senin, 25 Feb. 2019","Rabu, 06 Mar. 2019"
25/Pid.Sus-TPK/2019/PN Jkt.Pst,"Jumat, 01 Mar. 2019","Senin, 11 Mar. 2019"
26/Pid.Sus-TPK/2019/PN Jkt.Pst,"Jumat, 01 Mar. 2019","Senin, 11 Mar. 2019"
27/Pid.Sus-TPK/2019/PN Jkt.Pst,"Jumat, 01 Mar. 2019","Rabu, 13 Mar. 2019"
28/Pid.Sus-TPK/2019/PN Jkt.Pst,"Jumat, 01 Mar. 2019","Rabu, 13 Mar. 2019"
29/Pid.Sus-TPK/2019/PN Jkt.Pst,"Senin, 04 Mar. 2019","Rabu, 13 Mar. 2019"
30/Pid.Sus-TPK/2019/PN Jkt.Pst,"Rabu, 06 Mar. 2019","Rabu, 13 Mar. 2019"
32/Pid.Sus-TPK/2019/PN Jkt.Pst,"Rabu, 06 Mar. 2019","Rabu, 13 Mar. 2019"
31/Pid.Sus-TPK/2019/PN Jkt.Pst,"Rabu, 06 Mar. 2019","Rabu, 13 Mar. 2019"
33/Pid.Sus-TPK/2019/PN Jkt.Pst,"Jumat, 08 Mar. 2019","Rabu, 20 Mar. 2019"
34/Pid.Sus-TPK/2019/PN Jkt.Pst,"Rabu, 13 Mar. 2019","Rabu, 20 Mar. 2019"
35/Pid.Sus-TPK/2019/PN Jkt.Pst,"Rabu, 13 Mar. 2019","Rabu, 20 Mar. 2019"
36/Pid.Sus-TPK/2019/PN Jkt.Pst,"Senin, 18 Mar. 2019","Senin, 25 Mar. 2019"
37/Pid.Sus-TPK/2019/PN Jkt.Pst,"Selasa, 19 Mar. 2019","Kamis, 28 Mar. 2019"
102/Pid.Sus-TPK/2018/PN Jkt.Pst,"Senin, 10 Des. 2018","Kamis, 13 Des. 2018"
104/Pid.Sus-TPK/2018/PN Jkt.Pst,"Selasa, 18 Des. 2018","Kamis, 27 Des. 2018"
105/Pid.Sus-TPK/2018/PN Jkt.Pst,"Rabu, 19 Des. 2018","Kamis, 27 Des. 2018"
2/Pid.Sus-TPK/2019/PN Jkt.Pst,"Kamis, 03 Jan. 2019","Kamis, 10 Jan. 2019"
1/Pid.Sus-TPK/2019/PN Jkt.Pst,"Senin, 07 Jan. 2019","Kamis, 10 Jan. 2019"
6/Pid.Sus-TPK/2019/PN Jkt.Pst,"Jumat, 04 Jan. 2019","Selasa, 15 Jan. 2019"
5/Pid.Sus-TPK/2019/PN Jkt.Pst,"Jumat, 04 Jan. 2019","Selasa, 15 Jan. 2019"
4/Pid.Sus-TPK/2019/PN Jkt.Pst,"Senin, 07 Jan. 2019","Jumat, 11 Jan. 2019"
3/Pid.Sus-TPK/2019/PN Jkt.Pst,"Senin, 07 Jan. 2019","Jumat, 11 Jan. 2019"
8/Pid.Sus-TPK/2019/PN Jkt.Pst,"Rabu, 09 Jan. 2019","Senin, 14 Jan. 2019"
7/Pid.Sus-TPK/2019/PN Jkt.Pst,"Rabu, 09 Jan. 2019","Senin, 14 Jan. 2019"
9/Pid.Sus-TPK/2019/PN Jkt.Pst,"Rabu, 09 Jan. 2019","Selasa, 15 Jan. 2019"
12/Pid.Sus-TPK/2019/PN Jkt.Pst,"Rabu, 16 Jan. 2019","Kamis, 24 Jan. 2019"
11/Pid.Sus-TPK/2019/PN Jkt.Pst,"Selasa, 15 Jan. 2019","Rabu, 23 Jan. 2019"
10/Pid.Sus-TPK/2019/PN Jkt.Pst,"Selasa, 15 Jan. 2019","Rabu, 23 Jan. 2019"
14/Pid.Sus-TPK/2019/PN Jkt.Pst,"Rabu, 16 Jan. 2019","Rabu, 23 Jan. 2019"
13/Pid.Sus-TPK/2019/PN Jkt.Pst,"Kamis, 17 Jan. 2019","Rabu, 23 Jan. 2019"
15/Pid.Sus-TPK/2019/PN Jkt.Pst,"Senin, 21 Jan. 2019","Kamis, 31 Jan. 2019"
19/Pid.Sus-TPK/2019/PN Jkt.Pst,"Kamis, 07 Feb. 2019","Rabu, 13 Feb. 2019"
18/Pid.Sus-TPK/2019/PN Jkt.Pst,"Jumat, 08 Feb. 2019","Rabu, 13 Feb. 2019"
85/Pid.Sus-TPK/2018/PN Jkt.Pst,"Senin, 15 Okt. 2018","Senin, 22 Okt. 2018"
84/Pid.Sus-TPK/2018/PN Jkt.Pst,"Senin, 15 Okt. 2018","Senin, 22 Okt. 2018"
83/Pid.Sus-TPK/2018/PN Jkt.Pst,"Senin, 15 Okt. 2018","Senin, 22 Okt. 2018"
82/Pid.Sus-TPK/2018/PN Jkt.Pst,"Senin, 15 Okt. 2018","Senin, 22 Okt. 2018"
87/Pid.Sus-TPK/2018/PN Jkt.Pst,"Kamis, 11 Okt. 2018","Rabu, 24 Okt. 2018"
89/Pid.Sus-TPK/2018/PN Jkt.Pst,"Jumat, 26 Okt. 2018","Kamis, 01 Nov. 2018"
88/Pid.Sus-TPK/2018/PN Jkt.Pst,"Jumat, 26 Okt. 2018","Kamis, 01 Nov. 2018"
90/Pid.Sus-TPK/2018/PN Jkt.Pst,"Rabu, 31 Okt. 2018","Rabu, 07 Nov. 2018"
92/Pid.Sus-TPK/2018/PN Jkt.Pst,"Rabu, 14 Nov. 2018","Rabu, 21 Nov. 2018"
91/Pid.Sus-TPK/2018/PN Jkt.Pst,"Rabu, 14 Nov. 2018","Rabu, 14 Nov. 2018"
94/Pid.Sus-TPK/2018/PN Jkt.Pst,"Rabu, 14 Nov. 2018","Kamis, 22 Nov. 2018"
93/Pid.Sus-TPK/2018/PN Jkt.Pst,"Rabu, 14 Nov. 2018","Rabu, 28 Nov. 2018"
96/Pid.Sus-TPK/2018/PN Jkt.Pst,"Kamis, 15 Nov. 2018","Rabu, 28 Nov. 2018"
95/Pid.Sus-TPK/2018/PN Jkt.Pst,"Rabu, 14 Nov. 2018","Kamis, 22 Nov. 2018"
99/Pid.Sus-TPK/2018/PN Jkt.Pst,"Jumat, 16 Nov. 2018","Senin, 26 Nov. 2018"
98/Pid.Sus-TPK/2018/PN Jkt.Pst,"Kamis, 15 Nov. 2018","Senin, 26 Nov. 2018"
97/Pid.Sus-TPK/2018/PN Jkt.Pst,"Kamis, 15 Nov. 2018","Senin, 26 Nov. 2018"
100/Pid.Sus-TPK/2018/PN Jkt.Pst,"Jumat, 23 Nov. 2018","Kamis, 29 Nov. 2018"
101/Pid.Sus-TPK/2018/PN Jkt.Pst,"Jumat, 30 Nov. 2018","Rabu, 05 Des. 2018"
103/Pid.Sus-TPK/2018/PN Jkt.Pst,"Senin, 10 Des. 2018","Kamis, 13 Des. 2018"
63/Pid.Sus-TPK/2018/PN Jkt.Pst,"Senin, 23 Jul. 2018","Rabu, 01 Agu. 2018"
62/Pid.Sus-TPK/2018/PN Jkt.Pst,"Senin, 23 Jul. 2018","Rabu, 01 Agu. 2018"
65/Pid.Sus-TPK/2018/PN Jkt.Pst,"Senin, 23 Jul. 2018","Senin, 30 Jul. 2018"
66/Pid.Sus-TPK/2018/PN Jkt.Pst,"Senin, 06 Agu. 2018","Rabu, 15 Agu. 2018"
67/Pid.Sus-TPK/2018/PN Jkt.Pst,"Rabu, 08 Agu. 2018","Rabu, 15 Agu. 2018"
71/Pid.Sus-TPK/2018/PN Jkt.Pst,"Jumat, 10 Agu. 2018","Senin, 20 Agu. 2018"
70/Pid.Sus-TPK/2018/PN Jkt.Pst,"Kamis, 09 Agu. 2018","Senin, 13 Agu. 2018"
69/Pid.Sus-TPK/2018/PN Jkt.Pst,"Kamis, 09 Agu. 2018","Senin, 20 Agu. 2018"
68/Pid.Sus-TPK/2018/PN Jkt.Pst,"Kamis, 09 Agu. 2018","Kamis, 16 Agu. 2018"
72/Pid.Sus-TPK/2018/PN Jkt.Pst,"Senin, 20 Agu. 2018","Kamis, 23 Agu. 2018"
74/Pid.Sus-TPK/2018/PN Jkt.Pst,"Senin, 03 Sep. 2018","Rabu, 12 Sep. 2018"
73/Pid.Sus-TPK/2018/PN Jkt.Pst,"Senin, 03 Sep. 2018","Rabu, 12 Sep. 2018"
75/Pid.Sus-TPK/2018/PN Jkt.Pst,"Selasa, 18 Sep. 2018","Kamis, 20 Sep. 2018"
76/Pid.Sus-TPK/2018/PN Jkt.Pst,"Jumat, 14 Sep. 2018","Kamis, 20 Sep. 2018"
78/Pid.Sus-TPK/2018/PN Jkt.Pst,"Rabu, 19 Sep. 2018","Kamis, 27 Sep. 2018"
77/Pid.Sus-TPK/2018/PN Jkt.Pst,"Rabu, 19 Sep. 2018","Kamis, 27 Sep. 2018"
79/Pid.Sus-TPK/2018/PN Jkt.Pst,"Rabu, 26 Sep. 2018","Kamis, 04 Okt. 2018"
80/Pid.Sus-TPK/2018/PN Jkt.Pst,"Jumat, 28 Sep. 2018","Senin, 08 Okt. 2018"
81/Pid.Sus-TPK/2018/PN Jkt.Pst,"Kamis, 04 Okt. 2018","Kamis, 11 Okt. 2018"
86/Pid.Sus-TPK/2018/PN Jkt.Pst,"Kamis, 11 Okt. 2018","Rabu, 24 Okt. 2018"
42/Pid.Sus-TPK/2018/PN Jkt.Pst,"Jumat, 11 Mei 2018","Kamis, 17 Mei 2018"
44/Pid.Sus-TPK/2018/PN Jkt.Pst,"Selasa, 15 Mei 2018","Rabu, 23 Mei 2018"
45/Pid.Sus-TPK/2018/PN Jkt.Pst,"Jumat, 18 Mei 2018","Kamis, 24 Mei 2018"
46/Pid.Sus-TPK/2018/PN Jkt.Pst,"Kamis, 31 Mei 2018","Rabu, 06 Jun. 2018"
50/Pid.Sus-TPK/2018/PN Jkt.Pst,"Senin, 04 Jun. 2018","Senin, 25 Jun. 2018"
49/Pid.Sus-TPK/2018/PN Jkt.Pst,"Senin, 04 Jun. 2018","Senin, 25 Jun. 2018"
48/Pid.Sus-TPK/2018/PN Jkt.Pst,"Kamis, 31 Mei 2018","Senin, 25 Jun. 2018"
47/Pid.Sus-TPK/2018/PN Jkt.Pst,"Senin, 04 Jun. 2018","Senin, 25 Jun. 2018"
52/Pid.Sus-TPK/2018/PN Jkt.Pst,"Selasa, 26 Jun. 2018","Senin, 02 Jul. 2018"
51/Pid.Sus-TPK/2018/PN Jkt.Pst,"Selasa, 26 Jun. 2018","Senin, 02 Jul. 2018"
53/Pid.Sus-TPK/2018/PN Jkt.Pst,"Selasa, 03 Jul. 2018","Rabu, 11 Jul. 2018"
55/Pid.Sus-TPK/2018/PN Jkt.Pst,"Kamis, 05 Jul. 2018","Rabu, 11 Jul. 2018"
54/Pid.Sus-TPK/2018/PN Jkt.Pst,"Kamis, 05 Jul. 2018","Rabu, 11 Jul. 2018"
58/Pid.Sus-TPK/2018/PN Jkt.Pst,"Kamis, 12 Jul. 2018","Rabu, 18 Jul. 2018"
57/Pid.Sus-TPK/2018/PN Jkt.Pst,"Kamis, 12 Jul. 2018","Rabu, 18 Jul. 2018"
56/Pid.Sus-TPK/2018/PN Jkt.Pst,"Jumat, 13 Jul. 2018","Kamis, 19 Jul. 2018"
59/Pid.Sus-TPK/2018/PN Jkt.Pst,"Jumat, 20 Jul. 2018","Kamis, 26 Jul. 2018"
61/Pid.Sus-TPK/2018/PN Jkt.Pst,"Senin, 23 Jul. 2018","Rabu, 01 Agu. 2018"
60/Pid.Sus-TPK/2018/PN Jkt.Pst,"Senin, 23 Jul. 2018","Rabu, 01 Agu. 2018"
64/Pid.Sus-TPK/2018/PN Jkt.Pst,"Selasa, 24 Jul. 2018","Rabu, 01 Agu. 2018"
21/Pid.Sus-TPK/2018/PN Jkt.Pst,"Jumat, 09 Mar. 2018","Rabu, 14 Mar. 2018"
20/Pid.Sus-TPK/2018/PN Jkt.Pst,"Jumat, 09 Mar. 2018","Rabu, 14 Mar. 2018"
25/Pid.Sus-TPK/2018/PN Jkt.Pst,"Jumat, 09 Mar. 2018","Kamis, 22 Mar. 2018"
26/Pid.Sus-TPK/2018/PN Jkt.Pst,"Senin, 19 Mar. 2018","Selasa, 20 Mar. 2018"
28/Pid.Sus-TPK/2018/PN Jkt.Pst,"Senin, 19 Mar. 2018","Senin, 26 Mar. 2018"
29/Pid.Sus-TPK/2018/PN Jkt.Pst,"Senin, 19 Mar. 2018","Senin, 26 Mar. 2018"
27/Pid.Sus-TPK/2018/PN Jkt.Pst,"Senin, 19 Mar. 2018","Senin, 26 Mar. 2018"
30/Pid.Sus-TPK/2018/PN Jkt.Pst,"Senin, 19 Mar. 2018","Senin, 26 Mar. 2018"
31/Pid.Sus-TPK/2018/PN Jkt.Pst,"Selasa, 20 Mar. 2018","Senin, 02 Apr. 2018"
32/Pid.Sus-TPK/2018/PN Jkt.Pst,"Jumat, 23 Mar. 2018","Rabu, 28 Mar. 2018"
33/Pid.Sus-TPK/2018/PN Jkt.Pst,"Kamis, 29 Mar. 2018","Kamis, 05 Apr. 2018"
34/Pid.Sus-TPK/2018/PN Jkt.Pst,"Jumat, 20 Apr. 2018","Rabu, 02 Mei 2018"
35/Pid.Sus-TPK/2018/PN Jkt.Pst,"Jumat, 20 Apr. 2018","Kamis, 26 Apr. 2018"
36/Pid.Sus-TPK/2018/PN Jkt.Pst,"Rabu, 18 Apr. 2018","Kamis, 26 Apr. 2018"
37/Pid.Sus-TPK/2018/PN Jkt.Pst,"Jumat, 27 Apr. 2018","Senin, 07 Mei 2018"
38/Pid.Sus-TPK/2018/PN Jkt.Pst,"Kamis, 03 Mei 2018","Senin, 14 Mei 2018"
39/Pid.Sus-TPK/2018/PN Jkt.Pst,"Senin, 14 Mei 2018","Senin, 21 Mei 2018"
40/Pid.Sus-TPK/2018/PN Jkt.Pst,"Selasa, 08 Mei 2018","Rabu, 16 Mei 2018"
41/Pid.Sus-TPK/2018/PN Jkt.Pst,"Rabu, 09 Mei 2018","Rabu, 30 Mei 2018"
43/Pid.Sus-TPK/2018/PN Jkt.Pst,"Jumat, 11 Mei 2018","Kamis, 17 Mei 2018"
4/Pid.Sus-TPK/2018/PN Jkt.Pst,"Selasa, 16 Jan. 2018","Senin, 22 Jan. 2018"
3/Pid.Sus-TPK/2018/PN Jkt.Pst,"Selasa, 16 Jan. 2018","Senin, 22 Jan. 2018"
6/Pid.Sus-TPK/2018/PN Jkt.Pst,"Senin, 22 Jan. 2018","Rabu, 31 Jan. 2018"
5/Pid.Sus-TPK/2018/PN Jkt.Pst,"Senin, 22 Jan. 2018","Rabu, 31 Jan. 2018"
7/Pid.Sus-TPK/2018/PN Jkt.Pst,"Senin, 29 Jan. 2018","Rabu, 07 Feb. 2018"
8/Pid.Sus-TPK/2018/PN Jkt.Pst,"Selasa, 30 Jan. 2018","Kamis, 08 Feb. 2018"
9/Pid.Sus-TPK/2018/PN Jkt.Pst,"Jumat, 02 Feb. 2018","Kamis, 08 Feb. 2018"
10/Pid.Sus-TPK/2018/PN Jkt.Pst,"Rabu, 14 Feb. 2018","Rabu, 21 Feb. 2018"
11/Pid.Sus-TPK/2018/PN Jkt.Pst,"Senin, 19 Feb. 2018","Rabu, 28 Feb. 2018"
12/Pid.Sus-TPK/2018/PN Jkt.Pst,"Kamis, 15 Feb. 2018","Rabu, 28 Feb. 2018"
13/Pid.Sus-TPK/2018/PN Jkt.Pst,"Senin, 26 Feb. 2018","Selasa, 06 Mar. 2018"
14/Pid.Sus-TPK/2018/PN Jkt.Pst,"Senin, 26 Feb. 2018","Selasa, 06 Mar. 2018"
16/Pid.Sus-TPK/2018/PN Jkt.Pst,"Kamis, 22 Feb. 2018","Rabu, 28 Feb. 2018"
15/Pid.Sus-TPK/2018/PN Jkt.Pst,"Kamis, 22 Feb. 2018","Rabu, 28 Feb. 2018"
18/Pid.Sus-TPK/2018/PN Jkt.Pst,"Senin, 26 Feb. 2018","Rabu, 07 Mar. 2018"
17/Pid.Sus-TPK/2018/PN Jkt.Pst,"Rabu, 28 Feb. 2018","Kamis, 08 Mar. 2018"
19/Pid.Sus-TPK/2018/PN Jkt.Pst,"Senin, 05 Mar. 2018","Kamis, 15 Mar. 2018"
24/Pid.Sus-TPK/2018/PN Jkt.Pst,"Jumat, 09 Mar. 2018","Rabu, 14 Mar. 2018"
23/Pid.Sus-TPK/2018/PN Jkt.Pst,"Jumat, 09 Mar. 2018","Rabu, 14 Mar. 2018"
22/Pid.Sus-TPK/2018/PN Jkt.Pst,"Kamis, 08 Mar. 2018","Rabu, 14 Mar. 2018"
115/Pid.Sus-TPK/2017/PN Jkt.Pst,"Jumat, 27 Okt. 2017","Rabu, 08 Nov. 2017"
116/Pid.Sus-TPK/2017/PN Jkt.Pst,"Kamis, 02 Nov. 2017","Kamis, 09 Nov. 2017"
117/Pid.Sus-TPK/2017/PN Jkt.Pst,"Selasa, 07 Nov. 2017","Kamis, 16 Nov. 2017"
121/Pid.Sus-TPK/2017/PN Jkt.Pst,"Selasa, 07 Nov. 2017","Rabu, 15 Nov. 2017"
119/Pid.Sus-TPK/2017/PN Jkt.Pst,"Rabu, 08 Nov. 2017","Rabu, 15 Nov. 2017"
118/Pid.Sus-TPK/2017/PN Jkt.Pst,"Kamis, 09 Nov. 2017","Kamis, 16 Nov. 2017"
120/Pid.Sus-TPK/2017/PN Jkt.Pst,"Selasa, 07 Nov. 2017","Rabu, 22 Nov. 2017"
122/Pid.Sus-TPK/2017/PN Jkt.Pst,"Rabu, 08 Nov. 2017","Selasa, 14 Nov. 2017"
123/Pid.Sus-TPK/2017/PN Jkt.Pst,"Rabu, 15 Nov. 2017","Senin, 20 Nov. 2017"
126/Pid.Sus-TPK/2017/PN Jkt.Pst,"Kamis, 16 Nov. 2017","Rabu, 22 Nov. 2017"
124/Pid.Sus-TPK/2017/PN Jkt.Pst,"Kamis, 16 Nov. 2017","Rabu, 22 Nov. 2017"
125/Pid.Sus-TPK/2017/PN Jkt.Pst,"Kamis, 16 Nov. 2017","Rabu, 22 Nov. 2017"
127/Pid.Sus-TPK/2017/PN Jkt.Pst,"Selasa, 28 Nov. 2017","Rabu, 06 Des. 2017"
129/Pid.Sus-TPK/2017/PN Jkt.Pst,"Kamis, 30 Nov. 2017","Senin, 11 Des. 2017"
128/Pid.Sus-TPK/2017/PN Jkt.Pst,"Kamis, 30 Nov. 2017","Senin, 11 Des. 2017"
130/Pid.Sus-TPK/2017/PN Jkt.Pst,"Kamis, 07 Des. 2017","Rabu, 13 Des. 2017"
131/Pid.Sus-TPK/2017/PN Jkt.Pst,"Rabu, 20 Des. 2017","Kamis, 04 Jan. 2018"
132/Pid.Sus-TPK/2017/PN Jkt.Pst,"Selasa, 19 Des. 2017","Rabu, 03 Jan. 2018"
1/Pid.Sus-TPK/2018/PN Jkt.Pst,"Kamis, 04 Jan. 2018","Kamis, 11 Jan. 2018"
2/Pid.Sus-TPK/2018/PN Jkt.Pst,"Selasa, 09 Jan. 2018","Kamis, 18 Jan. 2018"
96/Pid.Sus-TPK/2017/PN Jkt.Pst,"Selasa, 25 Jul. 2017","Rabu, 02 Agu. 2017"
95/Pid.Sus-TPK/2017/PN Jkt.Pst,"Selasa, 25 Jul. 2017","Rabu, 02 Agu. 2017"
98/Pid.Sus-TPK/2017/PN Jkt.Pst,"Rabu, 26 Jul. 2017","Rabu, 02 Agu. 2017"
97/Pid.Sus-TPK/2017/PN Jkt.Pst,"Rabu, 26 Jul. 2017","Rabu, 02 Agu. 2017"
99/Pid.Sus-TPK/2017/PN Jkt.Pst,"Jumat, 04 Agu. 2017","Jumat, 11 Agu. 2017"
100/Pid.Sus-TPK/2017/PN Jkt.Pst,"Rabu, 09 Agu. 2017","Senin, 14 Agu. 2017"
102/Pid.Sus-TPK/2017/PN Jkt.Pst,"Kamis, 10 Agu. 2017","Rabu, 16 Agu. 2017"
101/Pid.Sus-TPK/2017/PN Jkt.Pst,"Kamis, 10 Agu. 2017","Rabu, 16 Agu. 2017"
105/Pid.Sus-TPK/2017/PN Jkt.Pst,"Kamis, 10 Agu. 2017","Rabu, 16 Agu. 2017"
104/Pid.Sus-TPK/2017/PN Jkt.Pst,"Jumat, 11 Agu. 2017","Rabu, 16 Agu. 2017"
103/Pid.Sus-TPK/2017/PN Jkt.Pst,"Selasa, 08 Agu. 2017","Jumat, 18 Agu. 2017"
106/Pid.Sus-TPK/2017/PN Jkt.Pst,"Jumat, 11 Agu. 2017","Rabu, 16 Agu. 2017"
108/Pid.Sus-TPK/2017/PN Jkt.Pst,"Rabu, 30 Agu. 2017","Rabu, 06 Sep. 2017"
107/Pid.Sus-TPK/2017/PN Jkt.Pst,"Rabu, 30 Agu. 2017","Rabu, 06 Sep. 2017"
109/Pid.Sus-TPK/2017/PN Jkt.Pst,"Kamis, 31 Agu. 2017","Kamis, 07 Sep. 2017"
110/Pid.Sus-TPK/2017/PN Jkt.Pst,"Rabu, 11 Okt. 2017","Rabu, 18 Okt. 2017"
111/Pid.Sus-TPK/2017/PN Jkt.Pst,"Rabu, 11 Okt. 2017","Rabu, 18 Okt. 2017"
112/Pid.Sus-TPK/2017/PN Jkt.Pst,"Selasa, 10 Okt. 2017","Senin, 16 Okt. 2017"
113/Pid.Sus-TPK/2017/PN Jkt.Pst,"Selasa, 10 Okt. 2017","Rabu, 18 Okt. 2017"
114/Pid.Sus-TPK/2017/PN Jkt.Pst,"Senin, 23 Okt. 2017","Rabu, 01 Nov. 2017"
75/Pid.Sus-TPK/2017/PN Jkt.Pst,"Jumat, 26 Mei 2017","Senin, 05 Jun. 2017"
76/Pid.Sus-TPK/2017/PN Jkt.Pst,"Senin, 05 Jun. 2017","Rabu, 14 Jun. 2017"
82/Pid.Sus-TPK/2017/PN Jkt.Pst,"Selasa, 06 Jun. 2017","Selasa, 13 Jun. 2017"
81/Pid.Sus-TPK/2017/PN Jkt.Pst,"Rabu, 07 Jun. 2017","Selasa, 13 Jun. 2017"
80/Pid.Sus-TPK/2017/PN Jkt.Pst,"Kamis, 08 Jun. 2017","Rabu, 14 Jun. 2017"
79/Pid.Sus-TPK/2017/PN Jkt.Pst,"Rabu, 07 Jun. 2017","Rabu, 14 Jun. 2017"
78/Pid.Sus-TPK/2017/PN Jkt.Pst,"Senin, 05 Jun. 2017","Rabu, 14 Jun. 2017"
77/Pid.Sus-TPK/2017/PN Jkt.Pst,"Kamis, 08 Jun. 2017","Rabu, 14 Jun. 2017"
83/Pid.Sus-TPK/2017/PN Jkt.Pst,"Kamis, 08 Jun. 2017","Senin, 12 Jun. 2017"
86/Pid.Sus-TPK/2017/PN Jkt.Pst,"Rabu, 14 Jun. 2017","Rabu, 21 Jun. 2017"
85/Pid.Sus-TPK/2017/PN Jkt.Pst,"Rabu, 14 Jun. 2017","Rabu, 21 Jun. 2017"
84/Pid.Sus-TPK/2017/PN Jkt.Pst,"Rabu, 14 Jun. 2017","Rabu, 21 Jun. 2017"
87/Pid.Sus-TPK/2017/PN Jkt.Pst,"Kamis, 15 Jun. 2017","Rabu, 21 Jun. 2017"
88/Pid.Sus-TPK/2017/PN Jkt.Pst,"Kamis, 15 Jun. 2017","Kamis, 22 Jun. 2017"
89/Pid.Sus-TPK/2017/PN Jkt.Pst,"Kamis, 06 Jul. 2017","Kamis, 13 Jul. 2017"
90/Pid.Sus-TPK/2017/PN Jkt.Pst,"Jumat, 07 Jul. 2017","Kamis, 13 Jul. 2017"
93/Pid.Sus-TPK/2017/PN Jkt.Pst,"Jumat, 07 Jul. 2017","Kamis, 13 Jul. 2017"
92/Pid.Sus-TPK/2017/PN Jkt.Pst,"Jumat, 07 Jul. 2017","Kamis, 13 Jul. 2017"
91/Pid.Sus-TPK/2017/PN Jkt.Pst,"Jumat, 07 Jul. 2017","Kamis, 13 Jul. 2017"
94/Pid.Sus-TPK/2017/PN Jkt.Pst,"Selasa, 18 Jul. 2017","Senin, 31 Jul. 2017"
55/Pid.Sus-TPK/2017/PN Pn.Jkt.Pst,"Rabu, 05 Apr. 2017","Rabu, 12 Apr. 2017"
56/Pid.Sus-TPK/2017/PN Pn.Jkt.Pst,"Senin, 10 Apr. 2017","Senin, 17 Apr. 2017"
57/Pid.Sus-TPK/2017/PN Pn.Jkt.Pst,"Senin, 10 Apr. 2017","Senin, 17 Apr. 2017"
58/Pid.Sus-TPK/2017/PN .Jkt.Pst,"Senin, 17 Apr. 2017","Rabu, 26 Apr. 2017"
59/Pid.Sus-TPK/2017/PN .Jkt.Pst,"Kamis, 20 Apr. 2017","Rabu, 03 Mei 2017"
64/Pid.Sus-TPK/2017/PN .Jkt.Pst,"Selasa, 02 Mei 2017","Senin, 08 Mei 2017"
63/Pid.Sus-TPK/2017/PN .Jkt.Pst,"Jumat, 21 Apr. 2017","Rabu, 03 Mei 2017"
62/Pid.Sus-TPK/2017/PN .Jkt.Pst,"Rabu, 26 Apr. 2017","Rabu, 03 Mei 2017"
61/Pid.Sus-TPK/2017/PN .Jkt.Pst,"Rabu, 26 Apr. 2017","Rabu, 03 Mei 2017"
60/Pid.Sus-TPK/2017/PN .Jkt.Pst,"Jumat, 21 Apr. 2017","Rabu, 03 Mei 2017"
65/Pid.Sus-TPK/2017/PN .Jkt.Pst,"Selasa, 02 Mei 2017","Senin, 08 Mei 2017"
69/Pid.Sus-TPK/2017/PN .Jkt.Pst,"Rabu, 03 Mei 2017","Rabu, 10 Mei 2017"
68/Pid.Sus-TPK/2017/PN .Jkt.Pst,"Rabu, 03 Mei 2017","Rabu, 10 Mei 2017"
67/Pid.Sus-TPK/2017/PN .Jkt.Pst,"Rabu, 03 Mei 2017","Rabu, 10 Mei 2017"
66/Pid.Sus-TPK/2017/PN .Jkt.Pst,"Rabu, 03 Mei 2017","Rabu, 10 Mei 2017"
71/Pid.Sus-TPK/2017/PN .Jkt.Pst,"Rabu, 03 Mei 2017","Rabu, 10 Mei 2017"
70/Pid.Sus-TPK/2017/PN .Jkt.Pst,"Rabu, 03 Mei 2017","Rabu, 10 Mei 2017"
72/Pid.Sus-TPK/2017/PN .Jkt.Pst,"Senin, 15 Mei 2017","Senin, 22 Mei 2017"
73/Pid.Sus-TPK/2017/PN .Jkt.Pst,"Rabu, 17 Mei 2017","Selasa, 23 Mei 2017"
74/Pid.Sus-TPK/2017/PN Jkt.Pst,"Jumat, 26 Mei 2017","Senin, 05 Jun. 2017"
35/Pid.Sus-TPK/2017/PN Pn.Jkt.Pst,"Rabu, 08 Feb. 2017","Senin, 13 Feb. 2017"
36/Pid.Sus-TPK/2017/PN Pn.Jkt.Pst,"Senin, 20 Feb. 2017","Rabu, 01 Mar. 2017"
37/Pid.Sus-TPK/2017/PN Pn.Jkt.Pst,"Jumat, 24 Feb. 2017","Kamis, 02 Mar. 2017"
38/Pid.Sus-TPK/2017/PN Pn.Jkt.Pst,"Rabu, 01 Mar. 2017","Kamis, 09 Mar. 2017"
39/Pid.Sus-TPK/2017/PN Pn.Jkt.Pst,"Senin, 27 Feb. 2017","Kamis, 09 Mar. 2017"
40/Pid.Sus-TPK/2017/PN Pn.Jkt.Pst,"Jumat, 03 Mar. 2017","Rabu, 08 Mar. 2017"
41/Pid.Sus-TPK/2017/PN Pn.Jkt.Pst,"Jumat, 03 Mar. 2017","Kamis, 09 Mar. 2017"
42/Pid.Sus-TPK/2017/PN Pn.Jkt.Pst,"Jumat, 03 Mar. 2017","Senin, 13 Mar. 2017"
43/Pid.Sus-TPK/2017/PN Pn.Jkt.Pst,"Rabu, 08 Mar. 2017","Rabu, 15 Mar. 2017"
44/Pid.Sus-TPK/2017/PN Pn.Jkt.Pst,"Rabu, 08 Mar. 2017","Rabu, 15 Mar. 2017"
45/Pid.Sus-TPK/2017/PN Pn.Jkt.Pst,"Rabu, 08 Mar. 2017","Rabu, 15 Mar. 2017"
46/Pid.Sus-TPK/2017/PN Pn.Jkt.Pst,"Senin, 13 Mar. 2017","Senin, 20 Mar. 2017"
47/Pid.Sus-TPK/2017/PN Pn.Jkt.Pst, - , - 
48/Pid.Sus-TPK/2017/PN Pn.Jkt.Pst,"Selasa, 14 Mar. 2017","Rabu, 22 Mar. 2017"
49/Pid.Sus-TPK/2017/PN Pn.Jkt.Pst,"Senin, 27 Mar. 2017","Senin, 03 Apr. 2017"
50/Pid.Sus-TPK/2017/PN Pn.Jkt.Pst,"Jumat, 17 Mar. 2017","Selasa, 28 Mar. 2017"
51/Pid.Sus-TPK/2017/PN Pn.Jkt.Pst,"Rabu, 22 Mar. 2017","Rabu, 29 Mar. 2017"
52/Pid.Sus-TPK/2017/PN Pn.Jkt.Pst,"Rabu, 29 Mar. 2017","Senin, 03 Apr. 2017"
53/Pid.Sus-TPK/2017/PN Pn.Jkt.Pst,"Senin, 03 Apr. 2017","Senin, 10 Apr. 2017"
54/Pid.Sus-TPK/2017/PN Pn.Jkt.Pst,"Senin, 03 Apr. 2017","Senin, 10 Apr. 2017"
15/Pid.Sus-TPK/2017/PN Pn.Jkt.Pst,"Kamis, 12 Jan. 2017","Kamis, 19 Jan. 2017"
16/Pid.Sus-TPK/2017/PN Pn.Jkt.Pst,"Kamis, 12 Jan. 2017","Kamis, 19 Jan. 2017"
17/Pid.Sus-TPK/2017/PN Pn.Jkt.Pst,"Kamis, 12 Jan. 2017","Kamis, 19 Jan. 2017"
18/Pid.Sus-TPK/2017/PN Pn.Jkt.Pst,"Senin, 16 Jan. 2017","Senin, 23 Jan. 2017"
19/Pid.Sus-TPK/2017/PN Pn.Jkt.Pst,"Selasa, 17 Jan. 2017","Rabu, 25 Jan. 2017"
20/Pid.Sus-TPK/2017/PN Pn.Jkt.Pst,"Rabu, 18 Jan. 2017","Kamis, 26 Jan. 2017"
21/Pid.Sus-TPK/2017/PN Pn.Jkt.Pst,"Kamis, 19 Jan. 2017","Rabu, 25 Jan. 2017"
22/Pid.Sus-TPK/2017/PN Pn.Jkt.Pst,"Senin, 23 Jan. 2017","Selasa, 31 Jan. 2017"
23/Pid.Sus-TPK/2017/PN Pn.Jkt.Pst,"Jumat, 20 Jan. 2017","Kamis, 26 Jan. 2017"
24/Pid.Sus-TPK/2017/PN Pn.Jkt.Pst,"Jumat, 20 Jan. 2017","Kamis, 26 Jan. 2017"
25/Pid.Sus-TPK/2017/PN Pn.Jkt.Pst,"Rabu, 25 Jan. 2017","Rabu, 01 Feb. 2017"
26/Pid.Sus-TPK/2017/PN Pn.Jkt.Pst,"Rabu, 25 Jan. 2017","Rabu, 01 Feb. 2017"
27/Pid.Sus-TPK/2017/PN Pn.Jkt.Pst,"Rabu, 25 Jan. 2017","Rabu, 01 Feb. 2017"
28/Pid.Sus-TPK/2017/PN Pn.Jkt.Pst,"Kamis, 26 Jan. 2017","Senin, 06 Feb. 2017"
29/Pid.Sus-TPK/2017/PN Pn.Jkt.Pst,"Kamis, 26 Jan. 2017","Senin, 06 Feb. 2017"
30/Pid.Sus-TPK/2017/PN Pn.Jkt.Pst,"Jumat, 27 Jan. 2017","Senin, 06 Feb. 2017"
31/Pid.Sus-TPK/2017/PN Pn.Jkt.Pst,"Jumat, 03 Feb. 2017","Senin, 13 Feb. 2017"
32/Pid.Sus-TPK/2017/PN Pn.Jkt.Pst,"Selasa, 07 Feb. 2017","Senin, 20 Feb. 2017"
33/Pid.Sus-TPK/2017/PN Pn.Jkt.Pst,"Selasa, 07 Feb. 2017","Senin, 20 Feb. 2017"
34/Pid.Sus-TPK/2017/PN Pn.Jkt.Pst,"Senin, 13 Feb. 2017","Senin, 20 Feb. 2017"
126/Pid.Sus-TPK/2016/PN Pn.Jkt.Pst,"Kamis, 01 Des. 2016","Rabu, 14 Des. 2016"
127/Pid.Sus-TPK/2016/PN Pn.Jkt.Pst,"Jumat, 09 Des. 2016","Rabu, 21 Des. 2016"
128/Pid.Sus-TPK/2016/PN Pn.Jkt.Pst,"Rabu, 14 Des. 2016","Kamis, 22 Des. 2016"
129/Pid.Sus-TPK/2016/PN Pn.Jkt.Pst,"Senin, 19 Des. 2016","Rabu, 28 Des. 2016"
130/Pid.Sus-TPK/2016/PN Pn.Jkt.Pst,"Rabu, 21 Des. 2016","Rabu, 04 Jan. 2017"
131/Pid.Sus-TPK/2016/PN Pn.Jkt.Pst,"Rabu, 21 Des. 2016","Rabu, 04 Jan. 2017"
1/Pid.Sus-TPK/2017/PN Pn.Jkt.Pst,"Rabu, 04 Jan. 2017","Senin, 16 Jan. 2017"
2/Pid.Sus-TPK/2017/PN Pn.Jkt.Pst,"Rabu, 04 Jan. 2017","Senin, 16 Jan. 2017"
3/Pid.Sus-TPK/2017/PN Pn.Jkt.Pst,"Rabu, 04 Jan. 2017","Senin, 16 Jan. 2017"
4/Pid.Sus-TPK/2017/PN Pn.Jkt.Pst,"Jumat, 06 Jan. 2017","Rabu, 11 Jan. 2017"
5/Pid.Sus-TPK/2017/PN Pn.Jkt.Pst,"Jumat, 06 Jan. 2017","Rabu, 11 Jan. 2017"
6/Pid.Sus-TPK/2017/PN Pn.Jkt.Pst,"Jumat, 06 Jan. 2017","Senin, 23 Jan. 2017"
7/Pid.Sus-TPK/2017/PN Pn.Jkt.Pst,"Jumat, 06 Jan. 2017","Senin, 23 Jan. 2017"
8/Pid.Sus-TPK/2017/PN Pn.Jkt.Pst,"Jumat, 06 Jan. 2017","Senin, 23 Jan. 2017"
9/Pid.Sus-TPK/2017/PN Pn.Jkt.Pst,"Selasa, 10 Jan. 2017","Kamis, 19 Jan. 2017"
10/Pid.Sus-TPK/2017/PN Pn.Jkt.Pst,"Selasa, 10 Jan. 2017","Kamis, 19 Jan. 2017"
11/Pid.Sus-TPK/2017/PN Pn.Jkt.Pst,"Senin, 09 Jan. 2017","Kamis, 19 Jan. 2017"
12/Pid.Sus-TPK/2017/PN Pn.Jkt.Pst,"Kamis, 12 Jan. 2017","Kamis, 19 Jan. 2017"
13/Pid.Sus-TPK/2017/PN Pn.Jkt.Pst,"Kamis, 12 Jan. 2017","Kamis, 19 Jan. 2017"
14/Pid.Sus-TPK/2017/PN Pn.Jkt.Pst,"Kamis, 12 Jan. 2017","Kamis, 19 Jan. 2017"
106/Pid.Sus-TPK/2016/PN Pn.Jkt.Pst,"Rabu, 19 Okt. 2016","Rabu, 26 Okt. 2016"
107/Pid.Sus-TPK/2016/PN Pn.Jkt.Pst,"Kamis, 20 Okt. 2016","Kamis, 27 Okt. 2016"
108/Pid.Sus-TPK/2016/PN Pn.Jkt.Pst,"Kamis, 20 Okt. 2016","Rabu, 26 Okt. 2016"
109/Pid.Sus-TPK/2016/PN Pn.Jkt.Pst,"Kamis, 27 Okt. 2016","Kamis, 03 Nov. 2016"
110/Pid.Sus-TPK/2016/PN Pn.Jkt.Pst,"Kamis, 27 Okt. 2016","Kamis, 03 Nov. 2016"
111/Pid.Sus-TPK/2016/PN Pn.Jkt.Pst,"Selasa, 01 Nov. 2016","Kamis, 10 Nov. 2016"
112/Pid.Sus-TPK/2016/PN Pn.Jkt.Pst,"Selasa, 01 Nov. 2016","Selasa, 08 Nov. 2016"
113/Pid.Sus-TPK/2016/PN Pn.Jkt.Pst,"Selasa, 01 Nov. 2016","Selasa, 08 Nov. 2016"
114/Pid.Sus-TPK/2016/PN Pn.Jkt.Pst,"Kamis, 03 Nov. 2016","Kamis, 10 Nov. 2016"
115/Pid.Sus-TPK/2016/PN Pn.Jkt.Pst,"Senin, 07 Nov. 2016","Senin, 14 Nov. 2016"
116/Pid.Sus-TPK/2016/PN Pn.Jkt.Pst,"Selasa, 08 Nov. 2016","Senin, 14 Nov. 2016"
117/Pid.Sus-TPK/2016/PN Pn.Jkt.Pst,"Selasa, 08 Nov. 2016","Rabu, 16 Nov. 2016"
118/Pid.Sus-TPK/2016/PN Pn.Jkt.Pst,"Kamis, 17 Nov. 2016","Rabu, 23 Nov. 2016"
119/Pid.Sus-TPK/2016/PN Pn.Jkt.Pst,"Kamis, 17 Nov. 2016","Senin, 28 Nov. 2016"
120/Pid.Sus-TPK/2016/PN Pn.Jkt.Pst,"Senin, 21 Nov. 2016","Senin, 28 Nov. 2016"
121/Pid.Sus-TPK/2016/PN Pn.Jkt.Pst,"Senin, 21 Nov. 2016","Senin, 28 Nov. 2016"
122/Pid.Sus-TPK/2016/PN Pn.Jkt.Pst,"Senin, 28 Nov. 2016","Kamis, 08 Des. 2016"
123/Pid.Sus-TPK/2016/PN Pn.Jkt.Pst,"Senin, 28 Nov. 2016","Kamis, 08 Des. 2016"
124/Pid.Sus-TPK/2016/PN Pn.Jkt.Pst,"Senin, 28 Nov. 2016","Kamis, 08 Des. 2016"
125/Pid.Sus-TPK/2016/PN Pn.Jkt.Pst,"Kamis, 01 Des. 2016","Rabu, 14 Des. 2016"
86/Pid.Sus-TPK/2016/PN Pn.Jkt.Pst,"Selasa, 13 Sep. 2016","Rabu, 21 Sep. 2016"
87/Pid.Sus-TPK/2016/PN Pn.Jkt.Pst,"Rabu, 21 Sep. 2016","Senin, 03 Okt. 2016"
88/Pid.Sus-TPK/2016/PN Pn.Jkt.Pst,"Rabu, 21 Sep. 2016","Senin, 03 Okt. 2016"
89/Pid.Sus-TPK/2016/PN Pn.Jkt.Pst,"Jumat, 30 Sep. 2016","Senin, 03 Okt. 2016"
90/Pid.Sus-TPK/2016/PN Pn.Jkt.Pst,"Kamis, 29 Sep. 2016","Senin, 03 Okt. 2016"
91/Pid.Sus-TPK/2016/PN Pn.Jkt.Pst,"Selasa, 04 Okt. 2016","Senin, 10 Okt. 2016"
92/Pid.Sus-TPK/2016/PN Pn.Jkt.Pst,"Rabu, 05 Okt. 2016","Rabu, 12 Okt. 2016"
93/Pid.Sus-TPK/2016/PN Pn.Jkt.Pst,"Selasa, 11 Okt. 2016","Senin, 24 Okt. 2016"
94/Pid.Sus-TPK/2016/PN Pn.Jkt.Pst,"Kamis, 13 Okt. 2016","Rabu, 19 Okt. 2016"
95/Pid.Sus-TPK/2016/PN Pn.Jkt.Pst,"Jumat, 14 Okt. 2016","Senin, 24 Okt. 2016"
96/Pid.Sus-TPK/2016/PN Pn.Jkt.Pst,"Senin, 17 Okt. 2016","Rabu, 26 Okt. 2016"
97/Pid.Sus-TPK/2016/PN Pn.Jkt.Pst,"Senin, 17 Okt. 2016","Rabu, 26 Okt. 2016"
98/Pid.Sus-TPK/2016/PN Pn.Jkt.Pst,"Senin, 17 Okt. 2016","Rabu, 26 Okt. 2016"
99/Pid.Sus-TPK/2016/PN Pn.Jkt.Pst,"Selasa, 18 Okt. 2016","Selasa, 25 Okt. 2016"
100/Pid.Sus-TPK/2016/PN Pn.Jkt.Pst,"Senin, 17 Okt. 2016","Rabu, 26 Okt. 2016"
101/Pid.Sus-TPK/2016/PN Pn.Jkt.Pst,"Rabu, 19 Okt. 2016","Rabu, 26 Okt. 2016"
102/Pid.Sus-TPK/2016/PN Pn.Jkt.Pst,"Rabu, 19 Okt. 2016","Rabu, 26 Okt. 2016"
103/Pid.Sus-TPK/2016/PN Pn.Jkt.Pst,"Rabu, 19 Okt. 2016","Rabu, 26 Okt. 2016"
104/Pid.Sus-TPK/2016/PN Pn.Jkt.Pst,"Rabu, 19 Okt. 2016","Rabu, 26 Okt. 2016"
105/Pid.Sus-TPK/2016/PN Pn.Jkt.Pst,"Rabu, 19 Okt. 2016","Rabu, 26 Okt. 2016"
66/Pid.Sus-TPK/2016/PN Pn.Jkt.Pst,"Rabu, 17 Agu. 2016","Rabu, 24 Agu. 2016"
67/Pid.Sus-TPK/2016/PN Pn.Jkt.Pst,"Senin, 22 Agu. 2016","Senin, 29 Agu. 2016"
68/Pid.Sus-TPK/2016/PN Pn.Jkt.Pst,"Senin, 22 Agu. 2016","Rabu, 31 Agu. 2016"
69/Pid.Sus-TPK/2016/PN Pn.Jkt.Pst,"Selasa, 23 Agu. 2016","Rabu, 31 Agu. 2016"
70/Pid.Sus-TPK/2016/PN Pn.Jkt.Pst,"Kamis, 25 Agu. 2016","Rabu, 31 Agu. 2016"
71/Pid.Sus-TPK/2016/PN Pn.Jkt.Pst,"Kamis, 25 Agu. 2016","Rabu, 31 Agu. 2016"
72/Pid.Sus-TPK/2016/PN Pn.Jkt.Pst,"Kamis, 25 Agu. 2016","Rabu, 31 Agu. 2016"
73/Pid.Sus-TPK/2016/PN Pn.Jkt.Pst,"Kamis, 25 Agu. 2016","Rabu, 31 Agu. 2016"
74/Pid.Sus-TPK/2016/PN Pn.Jkt.Pst,"Rabu, 24 Agu. 2016","Rabu, 31 Agu. 2016"
75/Pid.Sus-TPK/2016/PN Pn.Jkt.Pst,"Rabu, 24 Agu. 2016","Rabu, 31 Agu. 2016"
76/Pid.Sus-TPK/2016/PN Pn.Jkt.Pst,"Jumat, 26 Agu. 2016","Senin, 05 Sep. 2016"
77/Pid.Sus-TPK/2016/PN Pn.Jkt.Pst,"Rabu, 31 Agu. 2016","Senin, 05 Sep. 2016"
78/Pid.Sus-TPK/2016/PN Pn.Jkt.Pst,"Senin, 29 Agu. 2016","Rabu, 07 Sep. 2016"
79/Pid.Sus-TPK/2016/PN Pn.Jkt.Pst,"Rabu, 31 Agu. 2016","Senin, 05 Sep. 2016"
80/Pid.Sus-TPK/2016/PN Pn.Jkt.Pst,"Rabu, 07 Sep. 2016","Rabu, 14 Sep. 2016"
81/Pid.Sus-TPK/2016/PN Pn.Jkt.Pst,"Rabu, 07 Sep. 2016","Rabu, 14 Sep. 2016"
82/Pid.Sus-TPK/2016/PN Pn.Jkt.Pst,"Rabu, 14 Sep. 2016","Kamis, 22 Sep. 2016"
83/Pid.Sus-TPK/2016/PN Pn.Jkt.Pst,"Jumat, 09 Sep. 2016","Kamis, 22 Sep. 2016"
84/Pid.Sus-TPK/2016/PN Pn.Jkt.Pst,"Selasa, 13 Sep. 2016","Rabu, 21 Sep. 2016"
85/Pid.Sus-TPK/2016/PN Pn.Jkt.Pst,"Selasa, 13 Sep. 2016","Rabu, 21 Sep. 2016"
46/Pid.Sus-TPK/2016/PN JKT.PST,"Selasa, 31 Mei 2016","Rabu, 08 Jun. 2016"
47/Pid.Sus-TPK/2016/PN JKT.PST,"Selasa, 07 Jun. 2016","Rabu, 15 Jun. 2016"
48/Pid.Sus-TPK/2016/PN JKT.PST,"Kamis, 09 Jun. 2016","Rabu, 15 Jun. 2016"
49/Pid.Sus-TPK/2016/PN JKT.PST,"Rabu, 15 Jun. 2016","Kamis, 23 Jun. 2016"
50/Pid.Sus-TPK/2016/PN JKT.PST,"Rabu, 15 Jun. 2016","Kamis, 23 Jun. 2016"
51/Pid.Sus-TPK/2016/PN JKT.PST,"Rabu, 15 Jun. 2016","Rabu, 22 Jun. 2016"
52/Pid.Sus-TPK/2016/PN JKT.PST,"Rabu, 15 Jun. 2016","Rabu, 22 Jun. 2016"
53/Pid.Sus-TPK/2016/PN JKT.PST,"Senin, 20 Jun. 2016","Kamis, 23 Jun. 2016"
54/Pid.Sus-TPK/2016/PN JKT.PST,"Jumat, 17 Jun. 2016","Kamis, 30 Jun. 2016"
55/Pid.Sus-TPK/2016/PN JKT.PST,"Kamis, 23 Jun. 2016","Kamis, 30 Jun. 2016"
56/Pid.Sus-TPK/2016/PN JKT.PST,"Kamis, 23 Jun. 2016","Kamis, 30 Jun. 2016"
57/Pid.Sus-TPK/2016/PN JKT.PST,"Rabu, 22 Jun. 2016","Kamis, 30 Jun. 2016"
58/Pid.Sus-TPK/2016/PN JKT.PST,"Kamis, 23 Jun. 2016","Rabu, 29 Jun. 2016"
59/Pid.Sus-TPK/2016/PN Pn.Jkt.Pst,"Rabu, 27 Jul. 2016","Rabu, 03 Agu. 2016"
60/Pid.Sus-TPK/2016/PN Pn.Jkt.Pst,"Senin, 25 Jul. 2016","Rabu, 03 Agu. 2016"
61/Pid.Sus-TPK/2016/PN Pn.Jkt.Pst,"Kamis, 28 Jul. 2016","Rabu, 03 Agu. 2016"
62/Pid.Sus-TPK/2016/PN Pn.Jkt.Pst,"Jumat, 29 Jul. 2016","Senin, 08 Agu. 2016"
63/Pid.Sus-TPK/2016/PN Pn.Jkt.Pst,"Kamis, 04 Agu. 2016","Rabu, 10 Agu. 2016"
64/Pid.Sus-TPK/2016/PN Pn.Jkt.Pst,"Jumat, 12 Agu. 2016","Senin, 22 Agu. 2016"
65/Pid.Sus-TPK/2016/PN Pn.Jkt.Pst,"Jumat, 12 Agu. 2016","Rabu, 24 Agu. 2016"
26/Pid.Sus-TPK/2016/PN JKT.PST,"Selasa, 22 Mar. 2016","Rabu, 30 Mar. 2016"
27/Pid.Sus-TPK/2016/PN JKT.PST,"Rabu, 23 Mar. 2016","Senin, 28 Mar. 2016"
28/Pid.Sus-TPK/2016/PN JKT.PST,"Kamis, 24 Mar. 2016","Kamis, 31 Mar. 2016"
29/Pid.Sus-TPK/2016/PN JKT.PST,"Kamis, 24 Mar. 2016","Kamis, 31 Mar. 2016"
30/Pid.Sus-TPK/2016/PN JKT.PST,"Kamis, 24 Mar. 2016","Kamis, 31 Mar. 2016"
31/Pid.Sus-TPK/2016/PN JKT.PST,"Senin, 21 Mar. 2016","Kamis, 31 Mar. 2016"
32/Pid.Sus-TPK/2016/PN JKT.PST,"Selasa, 29 Mar. 2016","Senin, 04 Apr. 2016"
33/Pid.Sus-TPK/2016/PN JKT.PST,"Selasa, 05 Apr. 2016","Senin, 11 Apr. 2016"
34/Pid.Sus-TPK/2016/PN JKT.PST,"Selasa, 12 Apr. 2016","Rabu, 20 Apr. 2016"
35/Pid.Sus-TPK/2016/PN JKT.PST,"Kamis, 21 Apr. 2016","Kamis, 28 Apr. 2016"
36/Pid.Sus-TPK/2016/PN JKT.PST,"Senin, 25 Apr. 2016","Senin, 02 Mei 2016"
37/Pid.Sus-TPK/2016/PN JKT.PST,"Kamis, 28 Apr. 2016","Senin, 09 Mei 2016"
38/Pid.Sus-TPK/2016/PN JKT.PST,"Senin, 02 Mei 2016","Senin, 09 Mei 2016"
39/Pid.Sus-TPK/2016/PN JKT.PST,"Kamis, 28 Apr. 2016","Rabu, 04 Mei 2016"
40/Pid.Sus-TPK/2016/PN JKT.PST,"Senin, 02 Mei 2016","Senin, 09 Mei 2016"
41/Pid.Sus-TPK/2016/PN JKT.PST,"Senin, 30 Mei 2016","Rabu, 08 Jun. 2016"
42/Pid.Sus-TPK/2016/PN JKT.PST,"Selasa, 31 Mei 2016","Kamis, 09 Jun. 2016"
43/Pid.Sus-TPK/2016/PN JKT.PST,"Selasa, 31 Mei 2016","Kamis, 09 Jun. 2016"
44/Pid.Sus-TPK/2016/PN JKT.PST,"Kamis, 26 Mei 2016","Senin, 13 Jun. 2016"
45/Pid.Sus-TPK/2016/PN JKT.PST,"Rabu, 01 Jun. 2016","Senin, 13 Jun. 2016"
6/PID.SUS/TPK/2016/PN JKT.PST,"Kamis, 28 Jan. 2016","Kamis, 04 Feb. 2016"
7/PID.SUS/TPK/2016/PN JKT.PST,"Kamis, 28 Jan. 2016","Kamis, 04 Feb. 2016"
8/Pid.Sus-TPK/2016/PN JKT.PST,"Kamis, 04 Feb. 2016","Senin, 15 Feb. 2016"
9/Pid.Sus-TPK/2016/PN JKT.PST,"Kamis, 04 Feb. 2016","Senin, 15 Feb. 2016"
10/Pid.Sus-TPK/2016/PN JKT.PST,"Jumat, 05 Feb. 2016","Senin, 15 Feb. 2016"
11/Pid.Sus-TPK/2016/PN JKT.PST,"Kamis, 04 Feb. 2016","Kamis, 11 Feb. 2016"
12/Pid.Sus-TPK/2016/PN JKT.PST,"Kamis, 04 Feb. 2016","Kamis, 11 Feb. 2016"
13/Pid.Sus-TPK/2016/PN JKT.PST,"Senin, 15 Feb. 2016","Senin, 22 Feb. 2016"
14/Pid.Sus-TPK/2016/PN JKT.PST,"Senin, 15 Feb. 2016","Senin, 22 Feb. 2016"
15/Pid.Sus-TPK/2016/PN JKT.PST,"Jumat, 12 Feb. 2016","Rabu, 17 Feb. 2016"
16/Pid.Sus-TPK/2016/PN JKT.PST,"Senin, 07 Mar. 2016","Kamis, 10 Mar. 2016"
17/Pid.Sus-TPK/2016/PN JKT.PST,"Selasa, 01 Mar. 2016","Kamis, 10 Mar. 2016"
18/Pid.Sus-TPK/2016/PN JKT.PST,"Rabu, 02 Mar. 2016","Kamis, 10 Mar. 2016"
19/Pid.Sus-TPK/2016/PN JKT.PST,"Rabu, 02 Mar. 2016","Kamis, 10 Mar. 2016"
20/Pid.Sus-TPK/2016/PN JKT.PST,"Selasa, 01 Mar. 2016","Rabu, 16 Mar. 2016"
21/Pid.Sus-TPK/2016/PN JKT.PST,"Jumat, 04 Mar. 2016","Senin, 14 Mar. 2016"
22/Pid.Sus-TPK/2016/PN JKT.PST,"Jumat, 04 Mar. 2016","Senin, 14 Mar. 2016"
23/Pid.Sus-TPK/2016/PN JKT.PST,"Selasa, 15 Mar. 2016","Rabu, 23 Mar. 2016"
24/Pid.Sus-TPK/2016/PN JKT.PST,"Senin, 28 Mar. 2016","Senin, 04 Apr. 2016"
25/Pid.Sus-TPK/2016/PN JKT.PST,"Kamis, 24 Mar. 2016","Kamis, 31 Mar. 2016"
149/PID.SUS/TPK/2015/PN JKT.PST,"Selasa, 10 Nov. 2015","Senin, 16 Nov. 2015"
150/PID.SUS/TPK/2015/PN JKT.PST,"Rabu, 11 Nov. 2015","Kamis, 19 Nov. 2015"
151/PID.SUS/TPK/2015/PN JKT.PST,"Rabu, 11 Nov. 2015","Rabu, 25 Nov. 2015"
152/PID.SUS/TPK/2015/PN JKT.PST,"Senin, 16 Nov. 2015","Senin, 23 Nov. 2015"
153/PID.SUS/TPK/2015/PN JKT.PST,"Senin, 16 Nov. 2015","Senin, 23 Nov. 2015"
154/PID.SUS/TPK/2015/PN JKT.PST,"Rabu, 18 Nov. 2015","Kamis, 26 Nov. 2015"
155/PID.SUS/TPK/2015/PN JKT.PST,"Rabu, 18 Nov. 2015","Kamis, 26 Nov. 2015"
156/PID.SUS/TPK/2015/PN JKT.PST,"Kamis, 19 Nov. 2015","Senin, 30 Nov. 2015"
157/PID.SUS/TPK/2015/PN JKT.PST,"Jumat, 20 Nov. 2015","Rabu, 02 Des. 2015"
158/PID.SUS/TPK/2015/PN JKT.PST,"Kamis, 26 Nov. 2015","Senin, 30 Nov. 2015"
159/PID.SUS/TPK/2015/PN JKT.PST,"Selasa, 01 Des. 2015","Kamis, 10 Des. 2015"
160/PID.SUS/TPK/2015/PN JKT.PST,"Jumat, 04 Des. 2015","Senin, 04 Jan. 2016"
161/PID.SUS/TPK/2015/PN JKT.PST,"Senin, 14 Des. 2015","Rabu, 23 Des. 2015"
162/PID.SUS/TPK/2015/PN JKT.PST,"Jumat, 18 Des. 2015","Senin, 28 Des. 2015"
163/PID.SUS/TPK/2015/PN JKT.PST,"Senin, 21 Des. 2015","Senin, 28 Des. 2015"
1/PID.SUS/TPK/2016/PN JKT.PST,"Rabu, 06 Jan. 2016","Senin, 11 Jan. 2016"
2/PID.SUS/TPK/2016/PN JKT.PST,"Senin, 11 Jan. 2016","Senin, 18 Jan. 2016"
3/PID.SUS/TPK/2016/PN JKT.PST,"Senin, 11 Jan. 2016","Senin, 18 Jan. 2016"
4/PID.SUS/TPK/2016/PN JKT.PST,"Senin, 25 Jan. 2016","Rabu, 03 Feb. 2016"
5/PID.SUS/TPK/2016/PN JKT.PST,"Rabu, 27 Jan. 2016","Rabu, 03 Feb. 2016"
129/PID.SUS/TPK/2015/PN JKT.PST,"Selasa, 13 Okt. 2015","Rabu, 21 Okt. 2015"
130/PID.SUS/TPK/2015/PN JKT.PST,"Selasa, 13 Okt. 2015","Rabu, 21 Okt. 2015"
131/PID.SUS/TPK/2015/PN JKT.PST,"Selasa, 20 Okt. 2015","Kamis, 29 Okt. 2015"
132/PID.SUS/TPK/2015/PN JKT.PST,"Selasa, 20 Okt. 2015","Senin, 26 Okt. 2015"
133/PID.SUS/TPK/2015/PN JKT.PST,"Jumat, 16 Okt. 2015","Kamis, 29 Okt. 2015"
134/PID.SUS/TPK/2015/PN JKT.PST,"Selasa, 20 Okt. 2015","Rabu, 28 Okt. 2015"
135/PID.SUS/TPK/2015/PN JKT.PST,"Selasa, 20 Okt. 2015","Senin, 26 Okt. 2015"
136/PID.SUS/TPK/2015/PN JKT.PST,"Selasa, 20 Okt. 2015","Senin, 26 Okt. 2015"
137/PID.SUS/TPK/2015/PN JKT.PST,"Rabu, 21 Okt. 2015","Kamis, 29 Okt. 2015"
138/PID.SUS/TPK/2015/PN JKT.PST,"Jumat, 23 Okt. 2015","Senin, 09 Nov. 2015"
139/PID.SUS/TPK/2015/PN JKT.PST,"Jumat, 23 Okt. 2015","Rabu, 04 Nov. 2015"
140/PID.SUS/TPK/2015/PN JKT.PST,"Selasa, 27 Okt. 2015","Senin, 02 Nov. 2015"
141/PID.SUS/TPK/2015/PN JKT.PST,"Rabu, 04 Nov. 2015","Senin, 09 Nov. 2015"
142/PID.SUS/TPK/2015/PN JKT.PST,"Senin, 02 Nov. 2015","Kamis, 12 Nov. 2015"
143/PID.SUS/TPK/2015/PN JKT.PST,"Jumat, 30 Okt. 2015","Senin, 09 Nov. 2015"
144/PID.SUS/TPK/2015/PN JKT.PST,"Selasa, 03 Nov. 2015","Senin, 09 Nov. 2015"
145/PID.SUS/TPK/2015/PN JKT.PST,"Kamis, 05 Nov. 2015","Kamis, 12 Nov. 2015"
146/PID.SUS/TPK/2015/PN JKT.PST,"Kamis, 05 Nov. 2015","Kamis, 12 Nov. 2015"
147/PID.SUS/TPK/2015/PN JKT.PST,"Kamis, 05 Nov. 2015","Kamis, 12 Nov. 2015"
148/PID.SUS/TPK/2015/PN JKT.PST,"Selasa, 10 Nov. 2015","Senin, 16 Nov. 2015"
109/PID.SUS/TPK/2015/PN JKT.PST,"Selasa, 08 Sep. 2015","Kamis, 17 Sep. 2015"
110/PID.SUS/TPK/2015/PN JKT.PST,"Kamis, 17 Sep. 2015","Selasa, 22 Sep. 2015"
111/PID.SUS/TPK/2015/PN JKT.PST,"Rabu, 16 Sep. 2015","Rabu, 23 Sep. 2015"
112/PID.SUS/TPK/2015/PN JKT.PST,"Selasa, 22 Sep. 2015","Senin, 28 Sep. 2015"
113/PID.SUS/TPK/2015/PN JKT.PST,"Jumat, 18 Sep. 2015","Senin, 28 Sep. 2015"
114/PID.SUS/TPK/2015/PN JKT.PST,"Selasa, 22 Sep. 2015","Rabu, 30 Sep. 2015"
115/PID.SUS/TPK/2015/PN JKT.PST,"Senin, 21 Sep. 2015","Senin, 28 Sep. 2015"
116/PID.SUS/TPK/2015/PN JKT.PST,"Selasa, 22 Sep. 2015","Senin, 28 Sep. 2015"
117/PID.SUS/TPK/2015/PN JKT.PST,"Senin, 21 Sep. 2015","Senin, 28 Sep. 2015"
118/PID.SUS/TPK/2015/PN JKT.PST,"Rabu, 30 Sep. 2015","Kamis, 08 Okt. 2015"
119/PID.SUS/TPK/2015/PN JKT.PST,"Jumat, 02 Okt. 2015","Jumat, 09 Okt. 2015"
120/PID.SUS/TPK/2015/PN JKT.PST,"Jumat, 02 Okt. 2015","Jumat, 09 Okt. 2015"
122/PID.SUS/TPK/2015/PN JKT.PST,"Rabu, 30 Sep. 2015","Senin, 05 Okt. 2015"
123/PID.SUS/TPK/2015/PN JKT.PST,"Senin, 05 Okt. 2015","Senin, 19 Okt. 2015"
124/PID.SUS/TPK/2015/PN JKT.PST,"Rabu, 30 Sep. 2015","Kamis, 08 Okt. 2015"
121/PID.SUS/TPK/2015/PN JKT.PST,"Jumat, 02 Okt. 2015","Kamis, 08 Okt. 2015"
125/PID.SUS/TPK/2015/PN JKT.PST,"Senin, 05 Okt. 2015","Kamis, 15 Okt. 2015"
126/PID.SUS/TPK/2015/PN JKT.PST,"Kamis, 08 Okt. 2015","Senin, 19 Okt. 2015"
127/PID.SUS/TPK/2015/PN JKT.PST,"Jumat, 09 Okt. 2015","Senin, 19 Okt. 2015"
128/PID.SUS/TPK/2015/PN JKT.PST,"Selasa, 13 Okt. 2015","Senin, 19 Okt. 2015"
89/PID.SUS/TPK/2015/PN JKT.PST,"Rabu, 12 Agu. 2015","Kamis, 20 Agu. 2015"
90/PID.SUS/TPK/2015/PN JKT.PST,"Rabu, 12 Agu. 2015","Senin, 17 Agu. 2015"
91/PID.SUS/TPK/2015/PN JKT.PST,"Kamis, 13 Agu. 2015","Kamis, 20 Agu. 2015"
92/PID.SUS/TPK/2015/PN JKT.PST,"Jumat, 14 Agu. 2015","Senin, 24 Agu. 2015"
93/PID.SUS/TPK/2015/PN JKT.PST,"Jumat, 21 Agu. 2015","Senin, 31 Agu. 2015"
94/PID.SUS/TPK/2015/PN JKT.PST,"Jumat, 21 Agu. 2015","Kamis, 03 Sep. 2015"
95/PID.SUS/TPK/2015/PN JKT.PST,"Jumat, 21 Agu. 2015","Kamis, 27 Agu. 2015"
96/PID.SUS/TPK/2015/PN JKT.PST,"Selasa, 25 Agu. 2015","Kamis, 03 Sep. 2015"
97/PID.SUS/TPK/2015/PN JKT.PST,"Jumat, 21 Agu. 2015","Kamis, 03 Sep. 2015"
98/PID.SUS/TPK/2015/PN JKT.PST,"Jumat, 21 Agu. 2015","Kamis, 27 Agu. 2015"
99/PID.SUS/TPK/2015/PN JKT.PST,"Jumat, 21 Agu. 2015","Senin, 31 Agu. 2015"
100/PID.SUS/TPK/2015/PN JKT.PST,"Senin, 31 Agu. 2015","Senin, 07 Sep. 2015"
101/PID.SUS/TPK/2015/PN JKT.PST,"Jumat, 28 Agu. 2015","Kamis, 03 Sep. 2015"
102/PID.SUS/TPK/2015/PN JKT.PST,"Selasa, 01 Sep. 2015","Rabu, 09 Sep. 2015"
103/PID.SUS/TPK/2015/PN JKT.PST,"Selasa, 01 Sep. 2015","Kamis, 10 Sep. 2015"
104/PID.SUS/TPK/2015/PN JKT.PST,"Jumat, 04 Sep. 2015","Senin, 14 Sep. 2015"
105/PID.SUS/TPK/2015/PN JKT.PST,"Jumat, 04 Sep. 2015","Kamis, 10 Sep. 2015"
106/PID.SUS/TPK/2015/PN JKT.PST,"Jumat, 04 Sep. 2015","Kamis, 10 Sep. 2015"
107/PID.SUS/TPK/2015/PN JKT.PST,"Jumat, 04 Sep. 2015","Kamis, 10 Sep. 2015"
108/PID.SUS/TPK/2015/PN JKT.PST,"Jumat, 04 Sep. 2015","Kamis, 10 Sep. 2015"
69/PID.SUS/TPK/2015/PN JKT.PST,"Jumat, 03 Jul. 2015","Senin, 13 Jul. 2015"
70/PID.SUS/TPK/2015/PN JKT.PST,"Jumat, 03 Jul. 2015","Senin, 13 Jul. 2015"
71/PID.SUS/TPK/2015/PN JKT.PST,"Jumat, 03 Jul. 2015","Jumat, 10 Jul. 2015"
72/PID.SUS/TPK/2015/PN JKT.PST,"Kamis, 02 Jul. 2015","Kamis, 09 Jul. 2015"
73/PID.SUS/TPK/2015/PN JKT.PST,"Selasa, 07 Jul. 2015","Senin, 13 Jul. 2015"
74/PID.SUS/TPK/2015/PN JKT.PST,"Kamis, 09 Jul. 2015","Kamis, 23 Jul. 2015"
75/PID.SUS/TPK/2015/PN JKT.PST,"Jumat, 10 Jul. 2015","Rabu, 29 Jul. 2015"
76/PID.SUS/TPK/2015/PN JKT.PST,"Kamis, 30 Jul. 2015","Kamis, 06 Agu. 2015"
77/PID.SUS/TPK/2015/PN JKT.PST,"Kamis, 30 Jul. 2015","Kamis, 06 Agu. 2015"
78/PID.SUS/TPK/2015/PN JKT.PST,"Jumat, 31 Jul. 2015","Kamis, 06 Agu. 2015"
79/PID.SUS/TPK/2015/PN JKT.PST,"Senin, 03 Agu. 2015","Senin, 10 Agu. 2015"
80/PID.SUS/TPK/2015/PN JKT.PST,"Senin, 10 Agu. 2015","Kamis, 20 Agu. 2015"
81/PID.SUS/TPK/2015/PN JKT.PST,"Senin, 10 Agu. 2015","Kamis, 20 Agu. 2015"
82/PID.SUS/TPK/2015/PN JKT.PST,"Senin, 10 Agu. 2015","Kamis, 20 Agu. 2015"
83/PID.SUS/TPK/2015/PN JKT.PST,"Rabu, 12 Agu. 2015","Kamis, 20 Agu. 2015"
84/PID.SUS/TPK/2015/PN JKT.PST,"Rabu, 12 Agu. 2015","Kamis, 20 Agu. 2015"
85/PID.SUS/TPK/2015/PN JKT.PST,"Senin, 10 Agu. 2015","Kamis, 20 Agu. 2015"
86/PID.SUS/TPK/2015/PN JKT.PST,"Rabu, 12 Agu. 2015","Rabu, 19 Agu. 2015"
87/PID.SUS/TPK/2015/PN JKT.PST,"Rabu, 12 Agu. 2015","Rabu, 19 Agu. 2015"
88/PID.SUS/TPK/2015/PN JKT.PST,"Rabu, 12 Agu. 2015","Rabu, 19 Agu. 2015"
49/PID.SUS/TPK/2015/PN JKT.PST,"Kamis, 11 Jun. 2015","Kamis, 18 Jun. 2015"
50/PID.SUS/TPK/2015/PN JKT.PST,"Kamis, 18 Jun. 2015","Senin, 29 Jun. 2015"
51/PID.SUS/TPK/2015/PN JKT.PST,"Jumat, 19 Jun. 2015","Senin, 29 Jun. 2015"
52/PID.SUS/TPK/2015/PN JKT.PST,"Senin, 22 Jun. 2015","Senin, 29 Jun. 2015"
53/PID.SUS/TPK/2015/PN JKT.PST,"Selasa, 16 Jun. 2015","Kamis, 25 Jun. 2015"
54/PID.SUS/TPK/2015/PN JKT.PST,"Selasa, 16 Jun. 2015","Kamis, 25 Jun. 2015"
55/PID.SUS/TPK/2015/PN JKT.PST,"Jumat, 19 Jun. 2015","Kamis, 25 Jun. 2015"
56/PID.SUS/TPK/2015/PN JKT.PST,"Senin, 22 Jun. 2015","Senin, 29 Jun. 2015"
57/PID.SUS/TPK/2015/PN JKT.PST,"Kamis, 18 Jun. 2015","Senin, 29 Jun. 2015"
58/PID.SUS/TPK/2015/PN JKT.PST,"Senin, 22 Jun. 2015","Kamis, 02 Jul. 2015"
59/PID.SUS/TPK/2015/PN JKT.PST,"Kamis, 18 Jun. 2015","Kamis, 25 Jun. 2015"
60/PID.SUS/TPK/2015/PN JKT.PST,"Selasa, 23 Jun. 2015","Kamis, 02 Jul. 2015"
61/PID.SUS/TPK/2015/PN JKT.PST,"Kamis, 18 Jun. 2015","Kamis, 02 Jul. 2015"
62/PID.SUS/TPK/2015/PN JKT.PST,"Selasa, 23 Jun. 2015","Kamis, 02 Jul. 2015"
63/PID.SUS/TPK/2015/PN JKT.PST,"Selasa, 23 Jun. 2015","Kamis, 02 Jul. 2015"
64/PID.SUS/TPK/2015/PN JKT.PST,"Selasa, 23 Jun. 2015","Kamis, 02 Jul. 2015"
65/PID.SUS/TPK/2015/PN JKT.PST,"Selasa, 23 Jun. 2015","Kamis, 02 Jul. 2015"
66/PID.SUS/TPK/2015/PN JKT.PST,"Senin, 22 Jun. 2015","Kamis, 02 Jul. 2015"
67/PID.SUS/TPK/2015/PN JKT.PST,"Selasa, 30 Jun. 2015","Senin, 06 Jul. 2015"
68/PID.SUS/TPK/2015/PN JKT.PST,"Senin, 29 Jun. 2015","Kamis, 09 Jul. 2015"
29/PID.SUS/TPK/2015/PN JKT.PST,"Selasa, 28 Apr. 2015","Kamis, 07 Mei 2015"
30/PID.SUS/TPK/2015/PN JKT.PST,"Jumat, 24 Apr. 2015","Senin, 11 Mei 2015"
31/PID.SUS/TPK/2015/PN JKT.PST,"Senin, 27 Apr. 2015","Kamis, 07 Mei 2015"
32/PID.SUS/TPK/2015/PN JKT.PST,"Selasa, 28 Apr. 2015","Kamis, 07 Mei 2015"
33/PID.SUS/TPK/2015/PN JKT.PST,"Senin, 11 Mei 2015","Senin, 18 Mei 2015"
34/PID.SUS/TPK/2015/PN JKT.PST,"Senin, 11 Mei 2015","Senin, 18 Mei 2015"
35/PID.SUS/TPK/2015/PN JKT.PST,"Selasa, 12 Mei 2015","Kamis, 21 Mei 2015"
36/PID.SUS/TPK/2015/PN JKT.PST,"Senin, 18 Mei 2015","Senin, 25 Mei 2015"
37/PID.SUS/TPK/2015/PN JKT.PST,"Selasa, 12 Mei 2015","Kamis, 21 Mei 2015"
38/PID.SUS/TPK/2015/PN JKT.PST,"Selasa, 12 Mei 2015","Senin, 18 Mei 2015"
39/PID.SUS/TPK/2015/PN JKT.PST,"Rabu, 20 Mei 2015","Senin, 25 Mei 2015"
40/PID.SUS/TPK/2015/PN JKT.PST,"Selasa, 19 Mei 2015","Kamis, 28 Mei 2015"
41/PID.SUS/TPK/2015/PN JKT.PST,"Selasa, 26 Mei 2015","Rabu, 03 Jun. 2015"
42/PID.SUS/TPK/2015/PN JKT.PST,"Kamis, 21 Mei 2015","Kamis, 28 Mei 2015"
43/PID.SUS/TPK/2015/PN JKT.PST,"Kamis, 28 Mei 2015","Senin, 08 Jun. 2015"
44/PID.SUS/TPK/2015/PN JKT.PST,"Selasa, 02 Jun. 2015","Senin, 08 Jun. 2015"
45/PID.SUS/TPK/2015/PN JKT.PST,"Jumat, 29 Mei 2015","Kamis, 11 Jun. 2015"
46/PID.SUS/TPK/2015/PN JKT.PST,"Senin, 01 Jun. 2015","Senin, 08 Jun. 2015"
47/PID.SUS/TPK/2015/PN JKT.PST,"Selasa, 02 Jun. 2015","Kamis, 11 Jun. 2015"
48/PID.SUS/TPK/2015/PN JKT.PST,"Senin, 01 Jun. 2015","Kamis, 11 Jun. 2015"
9/PID.SUS/TPK/2015/PN JKT.PST,"Rabu, 11 Feb. 2015","Senin, 23 Feb. 2015"
10/PID.SUS/TPK/2015/PN JKT.PST,"Senin, 09 Feb. 2015","Senin, 23 Feb. 2015"
11/PID.SUS/TPK/2015/PN JKT.PST,"Kamis, 12 Feb. 2015","Senin, 23 Feb. 2015"
12/PID.SUS/TPK/2015/PN JKT.PST,"Kamis, 12 Feb. 2015","Rabu, 04 Mar. 2015"
13/PID.SUS/TPK/2015/PN JKT.PST,"Selasa, 17 Feb. 2015","Rabu, 04 Mar. 2015"
14/PID.SUS/TPK/2015/PN JKT.PST,"Senin, 09 Mar. 2015","Kamis, 19 Mar. 2015"
15/PID.SUS/TPK/2015/PN JKT.PST,"Senin, 16 Mar. 2015","Kamis, 26 Mar. 2015"
16/PID.SUS/TPK/2015/PN JKT.PST,"Senin, 30 Mar. 2015","Senin, 06 Apr. 2015"
17/PID.SUS/TPK/2015/PN JKT.PST,"Jumat, 27 Mar. 2015","Senin, 06 Apr. 2015"
18/PID.SUS/TPK/2015/PN JKT.PST,"Senin, 30 Mar. 2015","Senin, 06 Apr. 2015"
19/PID.SUS/TPK/2015/PN JKT.PST,"Rabu, 08 Apr. 2015","Rabu, 15 Apr. 2015"
20/PID.SUS/TPK/2015/PN JKT.PST,"Rabu, 08 Apr. 2015","Rabu, 15 Apr. 2015"
21/PID.SUS/TPK/2015/PN JKT.PST,"Jumat, 10 Apr. 2015","Senin, 20 Apr. 2015"
22/PID.SUS/TPK/2015/PN JKT.PST,"Jumat, 10 Apr. 2015","Senin, 20 Apr. 2015"
23/PID.SUS/TPK/2015/PN JKT.PST,"Kamis, 16 Apr. 2015","Kamis, 23 Apr. 2015"
24/PID.SUS/TPK/2015/PN JKT.PST,"Jumat, 17 Apr. 2015","Senin, 27 Apr. 2015"
25/PID.SUS/TPK/2015/PN JKT.PST,"Senin, 20 Apr. 2015","Senin, 27 Apr. 2015"
26/PID.SUS/TPK/2015/PN JKT.PST,"Selasa, 21 Apr. 2015","Kamis, 30 Apr. 2015"
27/PID.SUS/TPK/2015/PN JKT.PST,"Kamis, 23 Apr. 2015","Kamis, 30 Apr. 2015"
28/PID.SUS/TPK/2015/PN JKT.PST,"Kamis, 30 Apr. 2015","Senin, 04 Mei 2015"
109/PID.SUS/TPK/2014/PN JKT.PST,"Senin, 03 Nov. 2014","Senin, 10 Nov. 2014"
110/PID.SUS/TPK/2014/PN JKT.PST,"Selasa, 11 Nov. 2014","Kamis, 20 Nov. 2014"
111/PID.SUS/TPK/2014/PN JKT.PST,"Senin, 17 Nov. 2014","Kamis, 20 Nov. 2014"
112/PID.SUS/TPK/2014/PN JKT.PST,"Jumat, 14 Nov. 2014","Kamis, 20 Nov. 2014"
113/PID.SUS/TPK/2014/PN JKT.PST,"Rabu, 19 Nov. 2014","Kamis, 27 Nov. 2014"
114/PID.SUS/TPK/2014/PN JKT.PST,"Rabu, 03 Des. 2014","Kamis, 11 Des. 2014"
115/PID.SUS/TPK/2014/PN JKT.PST,"Kamis, 04 Des. 2014","Kamis, 11 Des. 2014"
116/PID.SUS/TPK/2014/PN JKT.PST,"Kamis, 04 Des. 2014","Kamis, 11 Des. 2014"
118/PID.SUS/TPK/2014/PN JKT.PST,"Senin, 15 Des. 2014","Senin, 22 Des. 2014"
119/PID.SUS/TPK/2014/PN JKT.PST,"Jumat, 12 Des. 2014","Kamis, 18 Des. 2014"
117/PID.SUS/TPK/2014/PN JKT.PST,"Jumat, 12 Des. 2014","Kamis, 18 Des. 2014"
120/PID.SUS/TPK/2014/PN JKT.PST,"Senin, 22 Des. 2014","Senin, 29 Des. 2014"
1/PID.SUS/TPK/2015/PN JKT.PST,"Senin, 05 Jan. 2015","Senin, 12 Jan. 2015"
2/PID.SUS/TPK/2015/PN JKT.PST,"Jumat, 09 Jan. 2015","Kamis, 15 Jan. 2015"
3/PID.SUS/TPK/2015/PN JKT.PST,"Senin, 19 Jan. 2015","Senin, 26 Jan. 2015"
4/PID.SUS/TPK/2015/PN JKT.PST,"Senin, 19 Jan. 2015","Senin, 26 Jan. 2015"
5/PID.SUS/TPK/2015/PN JKT.PST,"Rabu, 21 Jan. 2015","Rabu, 28 Jan. 2015"
6/PID.SUS/TPK/2015/PN JKT.PST,"Kamis, 05 Feb. 2015","Senin, 16 Feb. 2015"
7/PID.SUS/TPK/2015/PN JKT.PST,"Selasa, 03 Feb. 2015","Senin, 16 Feb. 2015"
8/PID.SUS/TPK/2015/PN JKT.PST,"Senin, 09 Feb. 2015","Rabu, 18 Feb. 2015"
90/PID.SUS/TPK/2014/PN JKT.PST,"Senin, 22 Sep. 2014","Senin, 29 Sep. 2014"
89/PID.SUS/TPK/2014/PN JKT.PST,"Senin, 22 Sep. 2014","Kamis, 02 Okt. 2014"
91/PID.SUS/TPK/2014/PN JKT.PST,"Kamis, 25 Sep. 2014","Senin, 06 Okt. 2014"
92/PID.SUS/TPK/2014/PN JKT.PST,"Jumat, 26 Sep. 2014","Senin, 06 Okt. 2014"
93/PID.SUS/TPK/2014/PN JKT.PST,"Jumat, 26 Sep. 2014","Senin, 06 Okt. 2014"
95/PID.SUS/TPK/2014/PN JKT.PST,"Selasa, 07 Okt. 2014","Senin, 13 Okt. 2014"
94/PID.SUS/TPK/2014/PN JKT.PST,"Selasa, 07 Okt. 2014","Senin, 13 Okt. 2014"
96/PID.SUS/TPK/2014/PN JKT.PST,"Jumat, 10 Okt. 2014","Kamis, 16 Okt. 2014"
97/PID.SUS/TPK/2014/PN JKT.PST,"Jumat, 10 Okt. 2014","Rabu, 15 Okt. 2014"
98/PID.SUS/TPK/2014/PN JKT.PST,"Jumat, 10 Okt. 2014","Rabu, 15 Okt. 2014"
99/PID.SUS/TPK/2014/PN JKT.PST,"Jumat, 10 Okt. 2014","Rabu, 15 Okt. 2014"
100/PID.SUS/TPK/2014/PN JKT.PST,"Selasa, 21 Okt. 2014","Senin, 27 Okt. 2014"
101/PID.SUS/TPK/2014/PN JKT.PST,"Selasa, 21 Okt. 2014","Senin, 27 Okt. 2014"
102/PID.SUS/TPK/2014/PN JKT.PST,"Kamis, 23 Okt. 2014","Rabu, 29 Okt. 2014"
103/PID.SUS/TPK/2014/PN JKT.PST,"Kamis, 23 Okt. 2014","Rabu, 29 Okt. 2014"
104/PID.SUS/TPK/2014/PN JKT.PST,"Senin, 27 Okt. 2014","Senin, 03 Nov. 2014"
108/PID.SUS/TPK/2014/PN JKT.PST,"Rabu, 29 Okt. 2014","Kamis, 06 Nov. 2014"
107/PID.SUS/TPK/2014/PN JKT.PST,"Rabu, 29 Okt. 2014","Kamis, 06 Nov. 2014"
106/PID.SUS/TPK/2014/PN JKT.PST,"Jumat, 31 Okt. 2014","Kamis, 06 Nov. 2014"
105/PID.SUS/TPK/2014/PN JKT.PST,"Jumat, 31 Okt. 2014","Kamis, 06 Nov. 2014"
72/PID.SUS/TPK/2014/PN.JKT.PST,"Rabu, 13 Agu. 2014","Kamis, 21 Agu. 2014"
71/PID.SUS/TPK/2014/PN.JKT.PST,"Selasa, 12 Agu. 2014","Rabu, 20 Agu. 2014"
70/PID.SUS/TPK/2014/PN.JKT.PST,"Selasa, 12 Agu. 2014","Rabu, 20 Agu. 2014"
69/PID.SUS/TPK/2014/PN.JKT.PST,"Kamis, 14 Agu. 2014","Rabu, 20 Agu. 2014"
73/PID.SUS/TPK/2014/PN.JKT.PST,"Rabu, 13 Agu. 2014","Kamis, 21 Agu. 2014"
78/PID.SUS/TPK/2014/PN.JKT.PST,"Kamis, 14 Agu. 2014","Rabu, 27 Agu. 2014"
79/PID.SUS/TPK/2014/PN.JKT.PST,"Jumat, 15 Agu. 2014","Kamis, 21 Agu. 2014"
77/PID.SUS/TPK/2014/PN.JKT.PST,"Selasa, 19 Agu. 2014","Rabu, 27 Agu. 2014"
75/PID.SUS/TPK/2014/PN.JKT.PST,"Senin, 18 Agu. 2014","Jumat, 29 Agu. 2014"
76/PID.SUS/TPK/2014/PN.JKT.PST,"Senin, 18 Agu. 2014","Rabu, 27 Agu. 2014"
74/PID.SUS/TPK/2014/PN.JKT.PST,"Rabu, 20 Agu. 2014","Rabu, 27 Agu. 2014"
80/PID.SUS/TPK/2014/PN.JKT.PST,"Selasa, 19 Agu. 2014","Rabu, 27 Agu. 2014"
81/PID.SUS/TPK/2014/PN.JKT.PST,"Selasa, 19 Agu. 2014","Rabu, 27 Agu. 2014"
84/PID.SUS/TPK/2014/PN.JKT.PST,"Jumat, 22 Agu. 2014","Kamis, 04 Sep. 2014"
83/PID.SUS/TPK/2014/PN.JKT.PST,"Jumat, 22 Agu. 2014","Kamis, 04 Sep. 2014"
82/PID.SUS/TPK/2014/PN.JKT.PST,"Kamis, 28 Agu. 2014","Kamis, 04 Sep. 2014"
85/PID.SUS/TPK/2014/PN.JKT.PST,"Kamis, 28 Agu. 2014","Kamis, 04 Sep. 2014"
86/PID.SUS/TPK/2014/PN.JKT.PST,"Senin, 01 Sep. 2014","Senin, 08 Sep. 2014"
87/PID.SUS/TPK/2014/PN.JKT.PST,"Rabu, 03 Sep. 2014","Rabu, 10 Sep. 2014"
88/PID.SUS/TPK/2014/PN.JKT.PST,"Kamis, 18 Sep. 2014","Kamis, 25 Sep. 2014"
48/PID.SUS/TPK/2014/PN.JKT.PST,"Senin, 19 Mei 2014","Senin, 26 Mei 2014"
50/PID.SUS/TPK/2014/PN.JKT.PST,"Rabu, 14 Mei 2014","Kamis, 05 Jun. 2014"
51/PID.SUS/TPK/2014/PN.JKT.PST,"Kamis, 15 Mei 2014","Senin, 02 Jun. 2014"
52/PID.SUS/TPK/2014/PN.JKT.PST,"Selasa, 20 Mei 2014","Senin, 26 Mei 2014"
54/PID.SUS/TPK/2014/PN.JKT.PST,"Jumat, 16 Mei 2014","Rabu, 04 Jun. 2014"
53/PID.SUS/TPK/2014/PN.JKT.PST,"Jumat, 16 Mei 2014","Senin, 26 Mei 2014"
55/PID.SUS/TPK/2014/PN.JKT.PST,"Kamis, 22 Mei 2014","Jumat, 30 Mei 2014"
56/PID.SUS/TPK/2014/PN.JKT.PST,"Rabu, 11 Jun. 2014","Rabu, 18 Jun. 2014"
57/PID.SUS/TPK/2014/PN.JKT.PST,"Jumat, 27 Jun. 2014","Senin, 07 Jul. 2014"
58/PID.SUS/TPK/2014/PN.JKT.PST,"Jumat, 27 Jun. 2014","Senin, 07 Jul. 2014"
59/PID.SUS/TPK/2014/PN.JKT.PST,"Jumat, 27 Jun. 2014","Senin, 07 Jul. 2014"
60/PID.SUS/TPK/2014/PN.JKT.PST,"Kamis, 10 Jul. 2014","Rabu, 16 Jul. 2014"
63/PID.SUS/TPK/2014/PN.JKT.PST,"Kamis, 17 Jul. 2014","Kamis, 24 Jul. 2014"
64/PID.SUS/TPK/2014/PN.JKT.PST,"Jumat, 18 Jul. 2014","Kamis, 24 Jul. 2014"
61/PID.SUS/TPK/2014/PN.JKT.PST,"Kamis, 17 Jul. 2014","Kamis, 24 Jul. 2014"
62/PID.SUS/TPK/2014/PN.JKT.PST,"Kamis, 17 Jul. 2014","Kamis, 24 Jul. 2014"
65/PID.SUS/TPK/2014/PN.JKT.PST,"Rabu, 23 Jul. 2014","Rabu, 06 Agu. 2014"
67/PID.SUS/TPK/2014/PN.JKT.PST,"Rabu, 23 Jul. 2014","Rabu, 06 Agu. 2014"
66/PID.SUS/TPK/2014/PN.JKT.PST,"Jumat, 18 Jul. 2014","Rabu, 06 Agu. 2014"
68/PID.SUS/TPK/2014/PN.JKT.PST,"Kamis, 07 Agu. 2014","Senin, 18 Agu. 2014"
29/PID.SUS/TPK/2014/PN JKT.PST,"Kamis, 27 Mar. 2014","Kamis, 03 Apr. 2014"
30/PID.SUS/TPK/2014/PN.JKT.PST,"Selasa, 01 Apr. 2014","Selasa, 08 Apr. 2014"
32/PID.SUS/TPK/2014/PN JKT.PST,"Rabu, 02 Apr. 2014","Selasa, 15 Apr. 2014"
33/PID.SUS/TPK/2014/PN.JKT.PST,"Rabu, 02 Apr. 2014","Senin, 14 Apr. 2014"
34/PID.SUS/TPK/2014/PN.JKT.PST,"Selasa, 08 Apr. 2014","Selasa, 15 Apr. 2014"
31/PID.SUS/TPK/2014/PN.JKT.PST,"Rabu, 02 Apr. 2014","Selasa, 15 Apr. 2014"
35/PID.SUS/TPK/2014/PN JKT.PST,"Senin, 07 Apr. 2014","Selasa, 15 Apr. 2014"
36/PID.SUS/TPK/2014/PN.JKT.PST,"Kamis, 10 Apr. 2014","Kamis, 17 Apr. 2014"
37/PID.SUS/TPK/2014/PN.JKT.PST,"Selasa, 08 Apr. 2014","Rabu, 16 Apr. 2014"
38/PID.SUS/TPK/2014/PN.JKT.PST,"Senin, 14 Apr. 2014","Senin, 21 Apr. 2014"
39/PID.SUS/TPK/2014/PN.JKT.PST,"Senin, 14 Apr. 2014","Senin, 21 Apr. 2014"
40/PID.SUS/TPK/2014/PN.JKT.PST,"Rabu, 16 Apr. 2014","Kamis, 24 Apr. 2014"
41/PID.SUS/TPK/2014/PN.JKT.PST,"Selasa, 15 Apr. 2014","Kamis, 24 Apr. 2014"
42/PID.SUS/TPK/2014/PN.JKT.PST,"Rabu, 16 Apr. 2014","Kamis, 24 Apr. 2014"
43/PID.SUS/TPK/2014/PN.JKT.PST,"Selasa, 15 Apr. 2014","Kamis, 24 Apr. 2014"
46/PID.SUS/TPK/2014/PN.JKT.PST,"Senin, 28 Apr. 2014","Senin, 05 Mei 2014"
47/PID.SUS/TPK/2014/PN.JKT.PST,"Rabu, 30 Apr. 2014","Rabu, 07 Mei 2014"
44/PID.SUS/TPK/2014/PN JKT.PST,"Rabu, 30 Apr. 2014","Selasa, 06 Mei 2014"
45/PID.SUS/TPK/2014/PN.JKT.PST,"Senin, 28 Apr. 2014","Rabu, 07 Mei 2014"
49/PID.SUS/TPK/2014/PN.JKT.PST,"Senin, 19 Mei 2014","Senin, 26 Mei 2014"
15/PID.SUS/TPK/2014/PN.JKT.PST,"Jumat, 14 Feb. 2014","Senin, 24 Feb. 2014"
11/PID.SUS/TPK/2014/PN.JKT.PST,"Senin, 17 Feb. 2014","Senin, 24 Feb. 2014"
12/PID.SUS/TPK/2014/PN.JKT.PST,"Jumat, 14 Feb. 2014","Senin, 24 Feb. 2014"
13/PID.SUS/TPK/2014/PN.JKT.PST,"Rabu, 12 Feb. 2014","Senin, 24 Feb. 2014"
14/PID.SUS/TPK/2014/PN.JKT.PST,"Kamis, 13 Feb. 2014","Senin, 24 Feb. 2014"
9/PID.SUS/TPK/2014/PN.JKT.PST,"Senin, 17 Feb. 2014","Rabu, 19 Feb. 2014"
10/PID.SUS/TPK/2014/PN.JKT.PST,"Senin, 17 Feb. 2014","Rabu, 19 Feb. 2014"
16/PID.SUS/TPK/2014/PN.JKT.PST,"Senin, 17 Feb. 2014","Rabu, 19 Feb. 2014"
17/PID.SUS/TPK/2014/PN.JKT.PST,"Senin, 17 Feb. 2014","Senin, 24 Feb. 2014"
20/PID.SUS/TPK/2014/PN.JKT.PST,"Selasa, 25 Feb. 2014","Senin, 03 Mar. 2014"
21/PID.SUS/TPK/2014/PN.JKT.PST,"Rabu, 26 Feb. 2014","Kamis, 06 Mar. 2014"
19/PID.SUS/TPK/2014/PN.JKT.PST,"Selasa, 25 Feb. 2014","Senin, 03 Mar. 2014"
18/PID.SUS/TPK/2014/PN.JKT.PST,"Rabu, 26 Feb. 2014","Senin, 03 Mar. 2014"
22/PID.SUS/TPK/2014/PN.JKT.PST,"Senin, 03 Mar. 2014","Selasa, 04 Mar. 2014"
23/PID.SUS/TPK/2014/PN.JKT.PST,"Jumat, 28 Feb. 2014","Senin, 10 Mar. 2014"
24/PID.SUS/TPK/2014/PN.JKT.PST,"Jumat, 11 Apr. 2014","Kamis, 17 Apr. 2014"
25/PID.SUS/TPK/2014/PN.JKT.PST,"Senin, 24 Mar. 2014","Kamis, 27 Mar. 2014"
26/PID.SUS/TPK/2014/PN JKT.PST,"Selasa, 25 Mar. 2014","Kamis, 03 Apr. 2014"
27/PID.SUS/TPK/2014/PN.JKT.PST,"Selasa, 25 Mar. 2014","Kamis, 27 Mar. 2014"
28/PID.SUS/TPK/2014/PN JKT.PST,"Rabu, 26 Mar. 2014","Kamis, 03 Apr. 2014"
75/PID.SUS/TPK/2013/PN JKT.PST,"Selasa, 17 Des. 2013","Senin, 06 Jan. 2014"
74/PID.SUS/TPK/2013/PN JKT.PST,"Selasa, 17 Des. 2013","Senin, 06 Jan. 2014"
78/PID.SUS/TPK/2013/PN JKT.PST,"Rabu, 18 Des. 2013","Kamis, 02 Jan. 2014"
77/PID.SUS/TPK/2013/PN JKT.PST,"Senin, 16 Des. 2013","Kamis, 02 Jan. 2014"
76/PID.SUS/TPK/2013/PN JKT.PST,"Selasa, 17 Des. 2013","Senin, 23 Des. 2013"
79/PID.SUS/TPK/2013/PN JKT.PST,"Jumat, 20 Des. 2013","Kamis, 02 Jan. 2014"
80/PID.SUS/TPK/2013/PN JKT.PST,"Selasa, 24 Des. 2013","Senin, 06 Jan. 2014"
83/PID.SUS/TPK/2013/PN JKT.PST,"Jumat, 27 Des. 2013","Kamis, 02 Jan. 2014"
82/PID.SUS/TPK/2013/PN JKT.PST,"Jumat, 27 Des. 2013","Kamis, 09 Jan. 2014"
81/PID.SUS/TPK/2013/PN JKT.PST,"Senin, 23 Des. 2013","Kamis, 02 Jan. 2014"
84/PID.SUS/TPK/2013/PN JKT.PST,"Jumat, 27 Des. 2013","Selasa, 07 Jan. 2014"
85/PID.SUS/TPK/2013/PN JKT.PST,"Jumat, 27 Des. 2013","Selasa, 07 Jan. 2014"
1/PID.SUS/TPK/2014/PN.JKT.PST,"Jumat, 10 Jan. 2014","Rabu, 15 Jan. 2014"
2/PID.SUS/TPK/2014/PN.JKT.PST,"Jumat, 10 Jan. 2014","Jumat, 17 Jan. 2014"
3/PID.SUS/TPK/2014/PN.JKT.PST,"Rabu, 22 Jan. 2014","Rabu, 29 Jan. 2014"
4/PID.SUS/TPK/2014/PN.JKT.PST,"Rabu, 15 Jan. 2014","Rabu, 22 Jan. 2014"
5/PID.SUS/TPK/2014/PN.JKT.PST,"Selasa, 21 Jan. 2014","Senin, 27 Jan. 2014"
6/PID.SUS/TPK/2014/PN.JKT.PST,"Selasa, 04 Feb. 2014","Kamis, 06 Feb. 2014"
7/PID.SUS/TPK/2014/PN.JKT.PST,"Rabu, 29 Jan. 2014","Rabu, 05 Feb. 2014"
8/PID.SUS/TPK/2014/PN.JKT.PST,"Kamis, 30 Jan. 2014","Rabu, 05 Feb. 2014"
54/PID.SUS/TPK/2013/PN JKT.PST,"Rabu, 25 Sep. 2013","Selasa, 08 Okt. 2013"
55/PID.SUS/TPK/2013/PN JKT.PST,"Kamis, 03 Okt. 2013","Kamis, 10 Okt. 2013"
57/PID.SUS/TPK/2013/PN JKT.PST,"Rabu, 02 Okt. 2013","Senin, 07 Okt. 2013"
56/PID.SUS/TPK/2013/PN JKT.PST,"Jumat, 04 Okt. 2013","Kamis, 10 Okt. 2013"
59/PID.SUS/TPK/2013/PN JKT.PST,"Selasa, 08 Okt. 2013","Rabu, 16 Okt. 2013"
58/PID.SUS/TPK/2013/PN JKT.PST,"Kamis, 10 Okt. 2013","Senin, 21 Okt. 2013"
61/PID.SUS/TPK/2013/PN JKT.PST,"Kamis, 17 Okt. 2013","Rabu, 23 Okt. 2013"
60/PID.SUS/TPK/2013/PN JKT.PST,"Rabu, 16 Okt. 2013","Kamis, 24 Okt. 2013"
62/PID.SUS/TPK/2013/PN JKT.PST,"Senin, 28 Okt. 2013","Kamis, 07 Nov. 2013"
63/PID.SUS/TPK/2013/PN JKT.PST,"Senin, 28 Okt. 2013","Kamis, 07 Nov. 2013"
64/PID.SUS/TPK/2013/PN JKT.PST,"Senin, 04 Nov. 2013","Senin, 11 Nov. 2013"
65/PID.SUS/TPK/2013/PN JKT.PST,"Senin, 04 Nov. 2013","Senin, 11 Nov. 2013"
66/PID.SUS/TPK/2013/PN JKT.PST,"Rabu, 20 Nov. 2013","Kamis, 28 Nov. 2013"
67/PID.SUS/TPK/2013/PN JKT.PST,"Kamis, 28 Nov. 2013","Senin, 09 Des. 2013"
71/PID.SUS/TPK/2013/PN JKT.PST,"Rabu, 27 Nov. 2013","Selasa, 03 Des. 2013"
70/PID.SUS/TPK/2013/PN JKT.PST,"Jumat, 29 Nov. 2013","Senin, 09 Des. 2013"
69/PID.SUS/TPK/2013/PN JKT.PST,"Jumat, 29 Nov. 2013","Senin, 09 Des. 2013"
68/PID.SUS/TPK/2013/PN JKT.PST,"Senin, 02 Des. 2013","Senin, 09 Des. 2013"
72/PID.SUS/TPK/2013/PN JKT.PST,"Rabu, 04 Des. 2013","Senin, 09 Des. 2013"
73/PID.SUS/TPK/2013/PN JKT.PST,"Kamis, 12 Des. 2013","Rabu, 18 Des. 2013"
34/PID.SUS/TPK/2013/PN.JKT.PST,"Rabu, 22 Mei 2013","Rabu, 29 Mei 2013"
35/PID.SUS/TPK/2013/PN.JKT.PST,"Kamis, 30 Mei 2013","Rabu, 05 Jun. 2013"
36/PID.SUS/TPK/2013/PN.JKT.PST,"Selasa, 04 Jun. 2013","Kamis, 20 Jun. 2013"
37/PID.SUS/TPK/2013/PN.JKT.PST,"Senin, 10 Jun. 2013","Senin, 17 Jun. 2013"
38/PID.SUS/TPK/2013/PN.JKT.PST,"Senin, 17 Jun. 2013","Senin, 24 Jun. 2013"
39/PID.SUS/TPK/2013/PN.JKT.PST,"Senin, 17 Jun. 2013","Senin, 24 Jun. 2013"
40/PID.SUS/TPK/2013/PN.JKT.PST,"Selasa, 18 Jun. 2013","Selasa, 25 Jun. 2013"
41/PID.SUS/TPK/2013/PN.JKT.PST,"Jumat, 21 Jun. 2013","Rabu, 26 Jun. 2013"
42/PID.SUS/TPK/2013/PN.JKT.PST,"Selasa, 25 Jun. 2013","Senin, 01 Jul. 2013"
43/PID.SUS/TPK/2013/PN.JKT.PST,"Selasa, 16 Jul. 2013","Kamis, 18 Jul. 2013"
44/PID.SUS/TPK/2013/PN.JKT.PST,"Selasa, 23 Jul. 2013","Kamis, 01 Agu. 2013"
45/PID.SUS/TPK/2013/PN.JKT.PST,"Selasa, 23 Jul. 2013","Kamis, 01 Agu. 2013"
47/PID.SUS/TPK/2013/PN.JKT.PST,"Kamis, 25 Jul. 2013","Selasa, 30 Jul. 2013"
46/PID.SUS/TPK/2013/PN.JKT.PST,"Rabu, 24 Jul. 2013","Selasa, 30 Jul. 2013"
48/PID.SUS/TPK/2013/PN.JKT.PST,"Senin, 02 Sep. 2013","Selasa, 10 Sep. 2013"
49/PID.SUS/TPK/2013/PN.JKT.PST,"Kamis, 12 Sep. 2013","Senin, 16 Sep. 2013"
52/PID.SUS/TPK/2013/PN JKT.PST,"Senin, 16 Sep. 2013","Senin, 23 Sep. 2013"
50/PID.SUS/TPK/2013/PN JKT.PST,"Rabu, 18 Sep. 2013","Senin, 23 Sep. 2013"
51/PID.SUS/TPK/2013/PN JKT.PST,"Rabu, 18 Sep. 2013","Senin, 23 Sep. 2013"
53/PID.SUS/TPK/2013/PN JKT.PST,"Rabu, 25 Sep. 2013","Rabu, 25 Sep. 2013"
12/PID.SUS/TPK/2013/PN.JKT.PST,"Jumat, 22 Mar. 2013","Selasa, 26 Mar. 2013"
11/PID.SUS/TPK/2013/PN.JKT.PST,"Jumat, 22 Mar. 2013","Selasa, 26 Mar. 2013"
10/PID.SUS/TPK/2013/PN.JKT.PST,"Selasa, 19 Mar. 2013","Kamis, 21 Mar. 2013"
19/PID.SUS/TPK/2013/PN.JKT.PST,"Senin, 15 Apr. 2013","Rabu, 17 Apr. 2013"
18/PID.SUS/TPK/2013/PN.JKT.PST,"Senin, 15 Apr. 2013","Selasa, 23 Apr. 2013"
17/PID.SUS/TPK/2013/PN.JKT.PST,"Kamis, 11 Apr. 2013","Kamis, 18 Apr. 2013"
20/PID.SUS/TPK/2013/PN.JKT.PST,"Kamis, 18 Apr. 2013","Selasa, 23 Apr. 2013"
21/PID.SUS/TPK/2013/PN.JKT.PST,"Kamis, 18 Apr. 2013","Senin, 22 Apr. 2013"
23/PID.SUS/TPK/2013/PN.JKT.PST,"Jumat, 26 Apr. 2013","Kamis, 02 Mei 2013"
22/PID.SUS/TPK/2013/PN.JKT.PST,"Jumat, 26 Apr. 2013","Kamis, 02 Mei 2013"
25/PID.SUS/TPK/2013/PN.JKT.PST,"Rabu, 08 Mei 2013","Selasa, 14 Mei 2013"
24/PID.SUS/TPK/2013/PN.JKT.PST,"Rabu, 08 Mei 2013","Selasa, 14 Mei 2013"
27/PID.SUS/TPK/2013/PN.JKT.PST,"Senin, 20 Mei 2013","Kamis, 23 Mei 2013"
26/PID.SUS/TPK/2013/PN.JKT.PST,"Kamis, 16 Mei 2013","Senin, 20 Mei 2013"
29/PID.SUS/TPK/2013/PN.JKT.PST,"Senin, 20 Mei 2013","Kamis, 23 Mei 2013"
28/PID.SUS/TPK/2013/PN.JKT.PST,"Senin, 20 Mei 2013","Kamis, 23 Mei 2013"
33/PID.SUS/TPK/2013/PN.JKT.PST,"Jumat, 17 Mei 2013","Selasa, 21 Mei 2013"
32/PID.SUS/TPK/2013/PN.JKT.PST,"Jumat, 17 Mei 2013","Selasa, 21 Mei 2013"
31/PID.SUS/TPK/2013/PN.JKT.PST,"Senin, 27 Mei 2013","Rabu, 12 Jun. 2013"
30/PID.SUS/TPK/2013/PN.JKT.PST,"Senin, 27 Mei 2013","Rabu, 12 Jun. 2013"
00079/PID.B/TPKOR/2012/PN.JKT.PST,"Jumat, 07 Des. 2012","Kamis, 13 Des. 2012"
80/PID.SUS/TPK/2012/PN.JKT.PST,"Jumat, 14 Des. 2012","Selasa, 18 Des. 2012"
00081/PID.B/TPKOR/2012/PN.JKT.PST,"Kamis, 13 Des. 2012","Jumat, 21 Des. 2012"
00082/PID.B/TPKOR/2012/PN.JKT.PST,"Rabu, 12 Des. 2012","Kamis, 20 Des. 2012"
00083/PID.B/TPKOR/2012/PN.JKT.PST,"Rabu, 12 Des. 2012","Kamis, 20 Des. 2012"
00084/PID.B/TPKOR/2012/PN.JKT.PST,"Kamis, 13 Des. 2012","Kamis, 20 Des. 2012"
00085/PID.B/TPKOR/2012/PN.JKT.PST,"Kamis, 13 Des. 2012","Selasa, 18 Des. 2012"
1/PID.SUS/TPK/2013/PN.JKT.PST,"Jumat, 04 Jan. 2013","Senin, 14 Jan. 2013"
3/PID.SUS/TPK/2013/PN.JKT.PST,"Selasa, 08 Jan. 2013","Selasa, 15 Jan. 2013"
2/PID.SUS/TPK/2013/PN.JKT.PST,"Selasa, 08 Jan. 2013","Kamis, 17 Jan. 2013"
4/PID.SUS/TPK/2013/PN JKT.PST,"Selasa, 22 Jan. 2013","Senin, 28 Jan. 2013"
5/PID.SUS/TPK/2013/PN.JKT.PST,"Rabu, 30 Jan. 2013","Kamis, 07 Feb. 2013"
6/PID.SUS/TPK/2013/PN.JKT.PST,"Senin, 04 Mar. 2013","Rabu, 06 Mar. 2013"
7/PID.SUS/TPK/2013/PN.JKT.PST,"Kamis, 28 Feb. 2013","Rabu, 06 Mar. 2013"
8/PID.SUS/TPK/2013/PN.JKT.PST,"Kamis, 28 Feb. 2013","Rabu, 06 Mar. 2013"
9/PID.SUS/TPK/2013/PN.JKT.PST,"Rabu, 27 Feb. 2013","Jumat, 01 Mar. 2013"
16/PID.SUS/TPK/2013/PN.JKT.PST,"Selasa, 02 Apr. 2013","Kamis, 04 Apr. 2013"
15/PID.SUS/TPK/2013/PN.JKT.PST,"Sabtu, 23 Mar. 2013","Senin, 01 Apr. 2013"
14/PID.SUS/TPK/2013/PN.JKT.PST,"Selasa, 02 Apr. 2013","Senin, 15 Apr. 2013"
13/PID.SUS/TPK/2013/PN.JKT.PST,"Kamis, 21 Mar. 2013","Selasa, 02 Apr. 2013"
00058/PID.B/TPKOR/2012/PN.JKT.PST,"Rabu, 19 Sep. 2012","Jumat, 21 Sep. 2012"
00059/PID.B/TPKOR/2012/PN.JKT.PST,"Jumat, 21 Sep. 2012","Rabu, 26 Sep. 2012"
00060/PID.B/TPKOR/2012/PN.JKT.PST,"Selasa, 02 Okt. 2012","Senin, 08 Okt. 2012"
00061/PID.B/TPKOR/2012/PN.JKT.PST,"Kamis, 04 Okt. 2012","Senin, 08 Okt. 2012"
00063/PID.B/TPKOR/2012/PN.JKT.PST,"Rabu, 10 Okt. 2012","Kamis, 11 Okt. 2012"
00062/PID.B/TPKOR/2012/PN.JKT.PST,"Kamis, 04 Okt. 2012","Selasa, 09 Okt. 2012"
00064/PID.B/TPKOR/2012/PN.JKT.PST,"Senin, 22 Okt. 2012","Kamis, 25 Okt. 2012"
00065/PID.B/TPKOR/2012/PN.JKT.PST,"Jumat, 19 Okt. 2012","Senin, 22 Okt. 2012"
00066/PID.B/TPKOR/2012/PN.JKT.PST,"Rabu, 17 Okt. 2012","Senin, 22 Okt. 2012"
00067/PID.B/TPKOR/2012/PN.JKT.PST,"Jumat, 02 Nov. 2012","Selasa, 06 Nov. 2012"
00068/PID.B/TPKOR/2012/PN.JKT.PST,"Kamis, 25 Okt. 2012","Kamis, 01 Nov. 2012"
00069/PID.B/TPKOR/2012/PN.JKT.PST,"Rabu, 24 Okt. 2012","Kamis, 01 Nov. 2012"
00070/PID.B/TPKOR/2012/PN.JKT.PST,"Jumat, 02 Nov. 2012","Kamis, 08 Nov. 2012"
72/PID.B/TPKOR/2012/PN JKT.PST,"Rabu, 14 Nov. 2012","Rabu, 21 Nov. 2012"
00071/PID.B/TPKOR/2012/PN.JKT.PST,"Senin, 12 Nov. 2012","Rabu, 21 Nov. 2012"
00073/PID.B/TPKOR/2012/PN.JKT.PST,"Selasa, 20 Nov. 2012","Selasa, 27 Nov. 2012"
00074/PID.B/TPKOR/2012/PN.JKT.PST,"Selasa, 20 Nov. 2012","Senin, 26 Nov. 2012"
00075/PID.B/TPKOR/2012/PN.JKT.PST,"Rabu, 21 Nov. 2012","Rabu, 28 Nov. 2012"
76/PID.SUS/TPK/2012/PN.,"Kamis, 22 Nov. 2012","Senin, 26 Nov. 2012"
78/PID.SUS/TPK/2012/PN.JKT.PST,"Jumat, 07 Des. 2012","Selasa, 11 Des. 2012"
00038/PID.B/TPKOR/2012/PN.JKT.PST,"Selasa, 03 Jul. 2012","Senin, 09 Jul. 2012"
00039/PID.B/TPKOR/2012/PN.JKT.PST,"Kamis, 12 Jul. 2012","Kamis, 19 Jul. 2012"
00040/PID.B/TPKOR/2012/PN.JKT.PST,"Rabu, 18 Jul. 2012","Rabu, 25 Jul. 2012"
00041/PID.B/TPKOR/2012/PN.JKT.PST,"Kamis, 26 Jul. 2012","Senin, 06 Agu. 2012"
00042/PID.B/TPKOR/2012/PN.JKT.PST,"Jumat, 03 Agu. 2012","Selasa, 07 Agu. 2012"
00045/PID.B/TPKOR/2012/PN.JKT.PST,"Senin, 06 Agu. 2012","Senin, 13 Agu. 2012"
43/PID.SUS/TPK/2012/PN.,"Senin, 06 Agu. 2012","Rabu, 08 Agu. 2012"
44/PID.SUS/TPK/2012/PN.,"Jumat, 03 Agu. 2012","Rabu, 08 Agu. 2012"
00047/PID.B/TPKOR/2012/PN.JKT.PST,"Jumat, 10 Agu. 2012","Kamis, 16 Agu. 2012"
00046/PID.B/TPKOR/2012/PN.JKT.PST,"Jumat, 10 Agu. 2012","Kamis, 16 Agu. 2012"
49/PID.B/TPK/2012/PN JKT.PST,"Selasa, 28 Agu. 2012","Rabu, 05 Sep. 2012"
00050/PID.B/TPKOR/2012/PN.JKT.PST,"Selasa, 28 Agu. 2012","Rabu, 05 Sep. 2012"
00048/PID.B/TPKOR/2012/PN.JKT.PST,"Kamis, 09 Agu. 2012","Kamis, 16 Agu. 2012"
00051/PID.B/TPKOR/2012/PN.JKT.PST,"Kamis, 30 Agu. 2012","Selasa, 04 Sep. 2012"
00052/PID.B/TPKOR/2012/PN.JKT.PST,"Kamis, 30 Agu. 2012","Kamis, 06 Sep. 2012"
00053/PID.B/TPKOR/2012/PN.JKT.PST,"Jumat, 31 Agu. 2012","Kamis, 06 Sep. 2012"
00054/PID.B/TPKOR/2012/PN.JKT.PST,"Jumat, 31 Agu. 2012","Kamis, 06 Sep. 2012"
00055/PID.B/TPKOR/2012/PN.JKT.PST,"Kamis, 06 Sep. 2012","Senin, 24 Sep. 2012"
00056/PID.B/TPKOR/2012/PN.JKT.PST,"Senin, 17 Sep. 2012","Kamis, 20 Sep. 2012"
00057/PID.B/TPKOR/2012/PN.JKT.PST,"Senin, 17 Sep. 2012","Kamis, 20 Sep. 2012"
00018/PID.B/TPKOR/2012/PN.JKT.PST,"Jumat, 24 Feb. 2012","Rabu, 07 Mar. 2012"
00019/PID.B/TPKOR/2012/PN.JKT.PST,"Kamis, 01 Mar. 2012","Rabu, 07 Mar. 2012"
00020/PID.B/TPKOR/2012/PN.JKT.PST,"Kamis, 01 Mar. 2012","Rabu, 07 Mar. 2012"
21/PID.SUS/TPK/2012/PN.,"Selasa, 06 Mar. 2012","Senin, 12 Mar. 2012"
23/PID.B/TPKOR/2012/PN JKT.PST,"Senin, 19 Mar. 2012","Kamis, 22 Mar. 2012"
22/PID.B/TPK/2012/PN JKT.PST,"Senin, 19 Mar. 2012","Senin, 26 Mar. 2012"
00024/PID.B/TPKOR/2012/PN.JKT.PST,"Senin, 23 Apr. 2012","Selasa, 24 Apr. 2012"
00025/PID.B/TPKOR/2012/PN.JKT.PST,"Senin, 23 Apr. 2012","Senin, 30 Apr. 2012"
00026/PID.B/TPKOR/2012/PN.JKT.PST,"Rabu, 25 Apr. 2012","Kamis, 03 Mei 2012"
00027/PID.B/TPKOR/2012/PN.JKT.PST,"Selasa, 15 Mei 2012","Selasa, 22 Mei 2012"
00028/PID.B/TPKOR/2012/PN.JKT.PST,"Rabu, 16 Mei 2012","Kamis, 31 Mei 2012"
00029/PID.B/TPKOR/2012/PN.JKT.PST,"Kamis, 07 Jun. 2012","Rabu, 13 Jun. 2012"
00030/PID.B/TPKOR/2012/PN.JKT.PST,"Kamis, 07 Jun. 2012","Senin, 11 Jun. 2012"
00031/PID.B/TPKOR/2012/PN.JKT.PST,"Jumat, 15 Jun. 2012","Rabu, 27 Jun. 2012"
00032/PID.B/TPKOR/2012/PN.JKT.PST,"Jumat, 15 Jun. 2012","Rabu, 27 Jun. 2012"
00035/PID.B/TPKOR/2012/PN.JKT.PST,"Selasa, 26 Jun. 2012","Senin, 02 Jul. 2012"
37/PID.B/TPK/2012/PN JKT.PST,"Senin, 02 Jul. 2012","Senin, 09 Jul. 2012"
33/PID.SUS/TPK/2012/PN.,"Senin, 25 Jun. 2012","Rabu, 27 Jun. 2012"
00034/PID.B/TPKOR/2012/PN.JKT.PST,"Senin, 25 Jun. 2012","Kamis, 28 Jun. 2012"
00036/PID.B/TPKOR/2012/PN.JKT.PST,"Rabu, 27 Jun. 2012","Kamis, 05 Jul. 2012"
00076/PID.B/TPKOR/2011/PN.JKT.PST,"Senin, 12 Des. 2011","Senin, 19 Des. 2011"
00077/PID.B/TPKOR/2011/PN.JKT.PST,"Selasa, 20 Des. 2011","Jumat, 28 Des. 2012"
78/PID.SUS/TPK/2011/PN.,"Selasa, 20 Des. 2011","Selasa, 03 Jan. 2012"
00001/PID.B/TPKOR/2012/PN.JKT.PST,"Kamis, 05 Jan. 2012","Rabu, 11 Jan. 2012"
00002/PID.B/TPKOR/2012/PN.JKT.PST,"Kamis, 05 Jan. 2012","Rabu, 11 Jan. 2012"
00003/PID.B/TPKOR/2012/PN.JKT.PST,"Kamis, 12 Jan. 2012","Selasa, 24 Jan. 2012"
00004/PID.B/TPKOR/2012/PN.JKT.PST,"Selasa, 24 Jan. 2012","Rabu, 01 Feb. 2012"
00005/PID.B/TPKOR/2012/PN.JKT.PST,"Jumat, 27 Jan. 2012","Selasa, 31 Jan. 2012"
00006/PID.B/TPKOR/2012/PN.JKT.PST,"Selasa, 07 Feb. 2012","Selasa, 14 Feb. 2012"
00007/PID.B/TPKOR/2012/PN.JKT.PST,"Senin, 06 Feb. 2012","Senin, 13 Feb. 2012"
00008/PID.B/TPKOR/2012/PN.JKT.PST,"Kamis, 09 Feb. 2012","Kamis, 16 Feb. 2012"
00009/PID.B/TPKOR/2012/PN.JKT.PST,"Kamis, 16 Feb. 2012","Senin, 20 Feb. 2012"
00010/PID.B/TPKOR/2012/PN.JKT.PST,"Senin, 20 Feb. 2012","Senin, 27 Feb. 2012"
11/PID.SUS/TPK/2012/PN.,"Senin, 20 Feb. 2012","Kamis, 23 Feb. 2012"
00012/PID.B/TPKOR/2012/PN.JKT.PST,"Rabu, 29 Feb. 2012","Rabu, 07 Mar. 2012"
00013/PID.B/TPKOR/2012/PN.JKT.PST,"Kamis, 23 Feb. 2012","Jumat, 02 Mar. 2012"
00014/PID.B/TPKOR/2012/PN.JKT.PST,"Rabu, 29 Feb. 2012","Kamis, 08 Mar. 2012"
00015/PID.B/TPKOR/2012/PN.JKT.PST,"Jumat, 24 Feb. 2012","Kamis, 08 Mar. 2012"
00016/PID.B/TPKOR/2012/PN.JKT.PST,"Rabu, 29 Feb. 2012","Senin, 05 Mar. 2012"
00017/PID.B/TPKOR/2012/PN.JKT.PST,"Rabu, 29 Feb. 2012","Rabu, 07 Mar. 2012"
00056/PID.B/TPKOR/2011/PN.JKT.PST,"Jumat, 14 Okt. 2011","Kamis, 20 Okt. 2011"
00057/PID.B/TPKOR/2011/PN.JKT.PST,"Kamis, 13 Okt. 2011","Senin, 24 Okt. 2011"
00058/PID.B/TPKOR/2011/PN.JKT.PST,"Kamis, 20 Okt. 2011","Rabu, 26 Okt. 2011"
00059/PID.B/TPKOR/2011/PN.JKT.PST,"Selasa, 01 Nov. 2011","Selasa, 08 Nov. 2011"
00060/PID.B/TPKOR/2011/PN.JKT.PST,"Selasa, 01 Nov. 2011","Selasa, 08 Nov. 2011"
00061/PID.B/TPKOR/2011/PN.JKT.PST,"Senin, 07 Nov. 2011","Selasa, 15 Nov. 2011"
00062/PID.B/TPKOR/2011/PN.JKT.PST,"Kamis, 10 Nov. 2011","Selasa, 15 Nov. 2011"
00063/PID.B/TPKOR/2011/PN.JKT.PST,"Senin, 21 Nov. 2011","Rabu, 23 Nov. 2011"
00064/PID.B/TPKOR/2011/PN.JKT.PST,"Senin, 21 Nov. 2011","Rabu, 23 Nov. 2011"
00065/PID.B/TPKOR/2011/PN.JKT.PST,"Jumat, 11 Nov. 2011","Rabu, 16 Nov. 2011"
00066/PID.B/TPKOR/2011/PN.JKT.PST,"Kamis, 10 Nov. 2011","Rabu, 16 Nov. 2011"
00067/PID.B/TPKOR/2011/PN.JKT.PST,"Jumat, 11 Nov. 2011","Rabu, 16 Nov. 2011"
00068/PID.B/TPKOR/2011/PN.JKT.PST,"Jumat, 18 Nov. 2011","Rabu, 23 Nov. 2011"
00069/PID.B/TPKOR/2011/PN.JKT.PST,"Jumat, 25 Nov. 2011","Rabu, 30 Nov. 2011"
00070/PID.B/TPKOR/2011/PN.JKT.PST,"Kamis, 01 Des. 2011","Kamis, 08 Des. 2011"
00071/PID.B/TPKOR/2011/PN.JKT.PST,"Kamis, 01 Des. 2011","Kamis, 08 Des. 2011"
00072/PID.B/TPKOR/2011/PN.JKT.PST,"Kamis, 01 Des. 2011","Rabu, 07 Des. 2011"
00073/PID.B/TPKOR/2011/PN.JKT.PST,"Jumat, 02 Des. 2011","Rabu, 07 Des. 2011"
00074/PID.B/TPKOR/2011/PN.JKT.PST,"Selasa, 06 Des. 2011","Selasa, 13 Des. 2011"
00075/PID.B/TPKOR/2011/PN.JKT.PST,"Jumat, 09 Des. 2011","Selasa, 13 Des. 2011"
00036/PID.B/TPKOR/2011/PN.JKT.PST,"Rabu, 03 Agu. 2011","Rabu, 10 Agu. 2011"
00037/PID.B/TPKOR/2011/PN.JKT.PST,"Sabtu, 13 Agu. 2011","Senin, 15 Agu. 2011"
00038/PID.B/TPKOR/2011/PN.JKT.PST,"Senin, 15 Agu. 2011","Rabu, 24 Agu. 2011"
00039/PID.B/TPKOR/2011/PN.JKT.PST,"Selasa, 16 Agu. 2011","Selasa, 23 Agu. 2011"
00040/PID.B/TPKOR/2011/PN.JKT.PST,"Senin, 15 Agu. 2011","Rabu, 24 Agu. 2011"
00041/PID.B/TPKOR/2011/PN.JKT.PST,"Rabu, 24 Agu. 2011","Selasa, 06 Sep. 2011"
42/PID.SUS/TPK/2011/PN.,"Rabu, 07 Sep. 2011","Senin, 12 Sep. 2011"
00043/PID.B/TPKOR/2011/PN.JKT.PST,"Jumat, 19 Agu. 2011","Selasa, 06 Sep. 2011"
00044/PID.B/TPKOR/2011/PN.JKT.PST,"Senin, 05 Sep. 2011","Senin, 12 Sep. 2011"
00045/PID.B/TPKOR/2011/PN.JKT.PST,"Kamis, 25 Agu. 2011","Selasa, 06 Sep. 2011"
00046/PID.B/TPKOR/2011/PN.JKT.PST,"Kamis, 25 Agu. 2011","Jumat, 09 Sep. 2011"
00047/PID.B/TPKOR/2011/PN.JKT.PST,"Senin, 22 Agu. 2011","Senin, 05 Sep. 2011"
00048/PID.B/TPKOR/2011/PN.JKT.PST,"Jumat, 26 Agu. 2011","Rabu, 07 Sep. 2011"
00049/PID.B/TPKOR/2011/PN.JKT.PST,"Senin, 12 Sep. 2011","Senin, 19 Sep. 2011"
00050/PID.B/TPKOR/2011/PN.JKT.PST,"Jumat, 16 Sep. 2011","Kamis, 22 Sep. 2011"
00051/PID.B/TPKOR/2011/PN.JKT.PST,"Jumat, 23 Sep. 2011","Senin, 10 Okt. 2011"
00052/PID.B/TPKOR/2011/PN.JKT.PST,"Selasa, 11 Okt. 2011","Rabu, 19 Okt. 2011"
00053/PID.B/TPKOR/2011/PN.JKT.PST,"Jumat, 14 Okt. 2011","Senin, 24 Okt. 2011"
00054/PID.B/TPKOR/2011/PN.JKT.PST,"Jumat, 14 Okt. 2011","Kamis, 20 Okt. 2011"
00055/PID.B/TPKOR/2011/PN.JKT.PST,"Jumat, 14 Okt. 2011","Kamis, 20 Okt. 2011"
00016/PID.B/TPKOR/2011/PN.JKT.PST,"Rabu, 30 Mar. 2011","Rabu, 13 Apr. 2011"
00017/PID.B/TPKOR/2011/PN.JKT.PST,"Senin, 04 Apr. 2011","Rabu, 13 Apr. 2011"
00018/PID.B/TPKOR/2011/PN.JKT.PST,"Senin, 04 Apr. 2011","Rabu, 13 Apr. 2011"
00019/PID.B/TPKOR/2011/PN.JKT.PST,"Selasa, 05 Apr. 2011","Rabu, 13 Apr. 2011"
00020/PID.B/TPKOR/2011/PN.JKT.PST,"Kamis, 14 Apr. 2011","Senin, 18 Apr. 2011"
00021/PID.B/TPKOR/2011/PN.JKT.PST,"Selasa, 03 Mei 2011","Kamis, 12 Mei 2011"
00022/PID.B/TPKOR/2011/PN.JKT.PST,"Selasa, 03 Mei 2011","Kamis, 12 Mei 2011"
00023/PID.B/TPKOR/2011/PN.JKT.PST,"Senin, 23 Mei 2011","Selasa, 31 Mei 2011"
00024/PID.B/TPKOR/2011/PN.JKT.PST,"Kamis, 26 Mei 2011","Senin, 06 Jun. 2011"
00025/PID.B/TPKOR/2011/PN.JKT.PST,"Jumat, 27 Mei 2011","Selasa, 07 Jun. 2011"
00026/PID.B/TPKOR/2011/PN.JKT.PST,"Jumat, 27 Mei 2011","Selasa, 07 Jun. 2011"
00027/PID.B/TPKOR/2011/PN.JKT.PST,"Selasa, 31 Mei 2011","Senin, 06 Jun. 2011"
00028/PID.B/TPKOR/2011/PN.JKT.PST,"Senin, 06 Jun. 2011","Senin, 13 Jun. 2011"
00029/PID.B/TPKOR/2011/PN.JKT.PST,"Jumat, 10 Jun. 2011","Senin, 20 Jun. 2011"
00030/PID.B/TPKOR/2011/PN.JKT.PST,"Jumat, 10 Jun. 2011","Senin, 20 Jun. 2011"
00031/PID.B/TPKOR/2011/PN.JKT.PST,"Rabu, 06 Jul. 2011","Rabu, 13 Jul. 2011"
00032/PID.B/TPKOR/2011/PN.JKT.PST,"Senin, 11 Jul. 2011","Senin, 18 Jul. 2011"
00033/PID.B/TPKOR/2011/PN.JKT.PST,"Senin, 11 Jul. 2011","Rabu, 20 Jul. 2011"
00034/PID.B/TPKOR/2011/PN.JKT.PST,"Kamis, 14 Jul. 2011","Kamis, 21 Jul. 2011"
00035/PID.B/TPKOR/2011/PN.JKT.PST,"Rabu, 27 Jul. 2011","Rabu, 03 Agu. 2011"
00030/PID.B/TPKOR/2010/PN.JKT.PST,"Jumat, 19 Nov. 2010","Senin, 29 Nov. 2010"
00031/PID.B/TPKOR/2010/PN.JKT.PST,"Jumat, 19 Nov. 2010","Selasa, 23 Nov. 2010"
00032/PID.B/TPKOR/2010/PN.JKT.PST,"Jumat, 03 Des. 2010","Selasa, 07 Des. 2010"
00033/PID.B/TPKOR/2010/PN.JKT.PST,"Kamis, 23 Des. 2010","Selasa, 04 Jan. 2011"
00034/PID.B/TPKOR/2010/PN.JKT.PST,"Kamis, 23 Des. 2010","Senin, 03 Jan. 2011"
00001/PID.B/TPKOR/2011/PN.JKT.PST,"Kamis, 20 Jan. 2011","Senin, 31 Jan. 2011"
00002/PID.B/TPKOR/2011/PN.JKT.PST,"Senin, 31 Jan. 2011","Senin, 07 Feb. 2011"
00003/PID.B/TPKOR/2011/PN.JKT.PST,"Kamis, 10 Feb. 2011","Selasa, 22 Feb. 2011"
00004/PID.B/TPKOR/2011/PN.JKT.PST,"Kamis, 17 Feb. 2011","Selasa, 01 Mar. 2011"
00005/PID.B/TPKOR/2011/PN.JKT.PST,"Kamis, 17 Feb. 2011","Senin, 28 Feb. 2011"
00006/PID.B/TPKOR/2011/PN.JKT.PST,"Rabu, 02 Mar. 2011","Kamis, 10 Mar. 2011"
00007/PID.B/TPKOR/2011/PN.JKT.PST,"Kamis, 03 Mar. 2011","Senin, 14 Mar. 2011"
00008/PID.B/TPKOR/2011/PN.JKT.PST,"Jumat, 18 Mar. 2011","Selasa, 29 Mar. 2011"
00009/PID.B/TPKOR/2011/PN.JKT.PST,"Jumat, 18 Mar. 2011","Selasa, 29 Mar. 2011"
00010/PID.B/TPKOR/2011/PN.JKT.PST,"Selasa, 22 Mar. 2011","Selasa, 05 Apr. 2011"
00011/PID.B/TPKOR/2011/PN.JKT.PST,"Selasa, 22 Mar. 2011","Senin, 04 Apr. 2011"
00012/PID.B/TPKOR/2011/PN.JKT.PST,"Kamis, 24 Mar. 2011","Selasa, 29 Mar. 2011"
00013/PID.B/TPKOR/2011/PN.JKT.PST,"Senin, 28 Mar. 2011","Selasa, 29 Mar. 2011"
00014/PID.B/TPKOR/2011/PN.JKT.PST,"Rabu, 30 Mar. 2011","Senin, 11 Apr. 2011"
00015/PID.B/TPKOR/2011/PN.JKT.PST,"Jumat, 01 Apr. 2011","Kamis, 07 Apr. 2011"
