Nomor Perkara,No,Nama
58/Pid.Sus-TPK/2019/PN Jkt.Pst,1,ADHI PURNOMO
58/Pid.Sus-TPK/2019/PN Jkt.Pst,2,EKO TRIYANTA
57/Pid.Sus-TPK/2019/PN Jkt.Pst,1,MULYANA
61/Pid.Sus-TPK/2019/PN Jkt.Pst,1,Ezrinal Azis Pgl. AL alias AZIS alias EZ
60/Pid.Sus-TPK/2019/PN Jkt.Pst,1,ZUBAEDI
38/Pid.Sus-TPK/2019/PN Jkt.Pst,1,Bambang Mustaqim
42/Pid.Sus-TPK/2019/PN Jkt.Pst,1,"Dr. dr. Eka Wahyu Kasih, S.Pd., SH., MH., MM"
41/Pid.Sus-TPK/2019/PN Jkt.Pst,1,Bimo Wicaksono
40/Pid.Sus-TPK/2019/PN Jkt.Pst,1,Gompis Lumban Tobing
39/Pid.Sus-TPK/2019/PN Jkt.Pst,1,F.X. KOESWOJO
43/Pid.Sus-TPK/2019/PN Jkt.Pst,1,"Pranoto Aries Wibowo, SE"
44/Pid.Sus-TPK/2019/PN Jkt.Pst,1,Tonnies Sianturi
44/Pid.Sus-TPK/2019/PN Jkt.Pst,2,Tohonan Silalahi
44/Pid.Sus-TPK/2019/PN Jkt.Pst,3,Murni Elieser Verawaty Munthe
44/Pid.Sus-TPK/2019/PN Jkt.Pst,4,Dermawan Sembiring
44/Pid.Sus-TPK/2019/PN Jkt.Pst,5,Arlene Manurung
44/Pid.Sus-TPK/2019/PN Jkt.Pst,6,Syahrial Harahap
47/Pid.Sus-TPK/2019/PN Jkt.Pst,1,Muhammad Ramadhan
46/Pid.Sus-TPK/2019/PN Jkt.Pst,1,Arif Fitrawan
45/Pid.Sus-TPK/2019/PN Jkt.Pst,1,Martin P Silitonga
48/Pid.Sus-TPK/2019/PN Jkt.Pst,1,"DANNY CAHYONO, ST alias DANI"
49/Pid.Sus-TPK/2019/PN Jkt.Pst,1,R Iswahyu Widodo
49/Pid.Sus-TPK/2019/PN Jkt.Pst,2,IRWAN
53/Pid.Sus-TPK/2019/PN Jkt.Pst,1,Andreas Chaiyadi Karwandi
52/Pid.Sus-TPK/2019/PN Jkt.Pst,1,"Arief Budisatria, SE"
51/Pid.Sus-TPK/2019/PN Jkt.Pst,1,Ida Bagus Surya Bhuwana
50/Pid.Sus-TPK/2019/PN Jkt.Pst,1,"Danny Boestami, SE"
56/Pid.Sus-TPK/2019/PN Jkt.Pst,1,Sirajudin alias Saldin
56/Pid.Sus-TPK/2019/PN Jkt.Pst,2,Usman Abdullah
55/Pid.Sus-TPK/2019/PN Jkt.Pst,1,Zunaidin Sukarman
55/Pid.Sus-TPK/2019/PN Jkt.Pst,2,ADHAR
54/Pid.Sus-TPK/2019/PN Jkt.Pst,1,Muhammad Wahyudin alias Yudi
59/Pid.Sus-TPK/2019/PN Jkt.Pst,1,Perdana Marcos alias Muhammad Marco Adinata
17/Pid.Sus-TPK/2019/PN Jkt.Pst,1,Farhan Yunus Basyarahil
16/Pid.Sus-TPK/2019/PN Jkt.Pst,1,SITI MARIAM
20/Pid.Sus-TPK/2019/PN Jkt.Pst,1,MUHAMMAD FAISAL
21/Pid.Sus-TPK/2019/PN Jkt.Pst,1,Abu Bokar Tambak
21/Pid.Sus-TPK/2019/PN Jkt.Pst,2,Enda Mora Lubis
21/Pid.Sus-TPK/2019/PN Jkt.Pst,3,M. Yusuf Siregar
24/Pid.Sus-TPK/2019/PN Jkt.Pst,1,"NGALIMUN, SH., MH"
23/Pid.Sus-TPK/2019/PN Jkt.Pst,1,"Zainal Abidin, SH"
22/Pid.Sus-TPK/2019/PN Jkt.Pst,1,Chuck Suryosumpeno
25/Pid.Sus-TPK/2019/PN Jkt.Pst,1,ENDING FUAD HAMIDY
26/Pid.Sus-TPK/2019/PN Jkt.Pst,1,Drs. JOHNY E AWUY
27/Pid.Sus-TPK/2019/PN Jkt.Pst,1,Riyad Prabowo Edy
28/Pid.Sus-TPK/2019/PN Jkt.Pst,1,Aryono Prasodo
29/Pid.Sus-TPK/2019/PN Jkt.Pst,1,"Ir. R. Soetanto, MM"
30/Pid.Sus-TPK/2019/PN Jkt.Pst,1,Benny Martarius
32/Pid.Sus-TPK/2019/PN Jkt.Pst,1,BORAK MILTON
32/Pid.Sus-TPK/2019/PN Jkt.Pst,2,Punding Ladewiq H. Bangkan
31/Pid.Sus-TPK/2019/PN Jkt.Pst,1,EDY ROSADA
31/Pid.Sus-TPK/2019/PN Jkt.Pst,2,ARISAVANAH
33/Pid.Sus-TPK/2019/PN Jkt.Pst,1,Budi Rachmat Kuriawan
34/Pid.Sus-TPK/2019/PN Jkt.Pst,1,Lily Sundarsih W
34/Pid.Sus-TPK/2019/PN Jkt.Pst,2,Irene Irma
34/Pid.Sus-TPK/2019/PN Jkt.Pst,3,Yuliana Enganita Dibyo
35/Pid.Sus-TPK/2019/PN Jkt.Pst,1,BUDI SUHARTO
36/Pid.Sus-TPK/2019/PN Jkt.Pst,1,Ferry Suando Tanuray Kaban
37/Pid.Sus-TPK/2019/PN Jkt.Pst,1,"Dr. ZAINAL SOLEMAN, MM"
102/Pid.Sus-TPK/2018/PN Jkt.Pst,1,TAMIN SUKARDI
104/Pid.Sus-TPK/2018/PN Jkt.Pst,1,EDDY SINDORO
105/Pid.Sus-TPK/2018/PN Jkt.Pst,1,PASIRUDDIN DAULAY
105/Pid.Sus-TPK/2018/PN Jkt.Pst,2,ELEZARO DUHA
105/Pid.Sus-TPK/2018/PN Jkt.Pst,3,MUSDALIFAH
105/Pid.Sus-TPK/2018/PN Jkt.Pst,4,TAHAN MANAHAN PANGGABEAN
105/Pid.Sus-TPK/2018/PN Jkt.Pst,5,TUNGGUL SIAGIAN
105/Pid.Sus-TPK/2018/PN Jkt.Pst,6,FAHRU ROZI
105/Pid.Sus-TPK/2018/PN Jkt.Pst,7,TAUFAN AGUNG GINTING
2/Pid.Sus-TPK/2019/PN Jkt.Pst,1,DTM ABUL HASAN MATURIDI
2/Pid.Sus-TPK/2019/PN Jkt.Pst,2,BILLER PASARIBU
2/Pid.Sus-TPK/2019/PN Jkt.Pst,3,RICHARD EDDY M alias RICHARD EDDY MARSAUT LINGGA
2/Pid.Sus-TPK/2019/PN Jkt.Pst,4,SYAFRIDA FITRIE
2/Pid.Sus-TPK/2019/PN Jkt.Pst,5,Hj. RAHMIANNA DELIMA PULUNGAN
1/Pid.Sus-TPK/2019/PN Jkt.Pst,1,RESTU KURNIAWAN SARUMAHA
1/Pid.Sus-TPK/2019/PN Jkt.Pst,2,WASHINGTON PANE
1/Pid.Sus-TPK/2019/PN Jkt.Pst,3,JOHN HUGO SILALAHI
6/Pid.Sus-TPK/2019/PN Jkt.Pst,1,"SENTOT LAMIDI, S.Psi"
5/Pid.Sus-TPK/2019/PN Jkt.Pst,1,"ASRIL AMINULLAH, SP"
4/Pid.Sus-TPK/2019/PN Jkt.Pst,1,EDY SAPUTRA SURADJA
3/Pid.Sus-TPK/2019/PN Jkt.Pst,1,WILLY AGUNG ADIPRADHANA
3/Pid.Sus-TPK/2019/PN Jkt.Pst,2,TEGUH DUDY SYAMSURI ZALDY
8/Pid.Sus-TPK/2019/PN Jkt.Pst,1,MERRY PURBA
7/Pid.Sus-TPK/2019/PN Jkt.Pst,1,HELPANDI
9/Pid.Sus-TPK/2019/PN Jkt.Pst,1,IDRUS MARHAM
12/Pid.Sus-TPK/2019/PN Jkt.Pst,1,MINARSI
11/Pid.Sus-TPK/2019/PN Jkt.Pst,1,"Drs. TRIYONO, MM."
10/Pid.Sus-TPK/2019/PN Jkt.Pst,1,DANIEL SINAGA
14/Pid.Sus-TPK/2019/PN Jkt.Pst,1,KHAIRIL WAHYUNI
13/Pid.Sus-TPK/2019/PN Jkt.Pst,1,Kokos Jiang alias Kokos Leo Lim
15/Pid.Sus-TPK/2019/PN Jkt.Pst,1,Ir. GALAILA KAREN KARDINAH als KAREN GALAILA AGUSTIAWAN als KAREN AGUSTIAWAN
19/Pid.Sus-TPK/2019/PN Jkt.Pst,1,Mohamad Dawam
18/Pid.Sus-TPK/2019/PN Jkt.Pst,1,Yulianto Widirahardjo
85/Pid.Sus-TPK/2018/PN Jkt.Pst,1,"TOGU SIAGIAN, S.Ip. M.Si"
84/Pid.Sus-TPK/2018/PN Jkt.Pst,1,KAMJUDIN
84/Pid.Sus-TPK/2018/PN Jkt.Pst,2,AHMADIN bin SUDIRMAN
83/Pid.Sus-TPK/2018/PN Jkt.Pst,1,HASAN S. HANAPI
82/Pid.Sus-TPK/2018/PN Jkt.Pst,1,"MOCHAMAD DAMIRI, SE alias DAMIRI"
87/Pid.Sus-TPK/2018/PN Jkt.Pst,1,"TOGU SIAGIAN, S.Ip. M.Si"
89/Pid.Sus-TPK/2018/PN Jkt.Pst,1,"IR. BAYU KRISTANTO, MM"
88/Pid.Sus-TPK/2018/PN Jkt.Pst,1,FEREDERICK S.T SIAHAAN
90/Pid.Sus-TPK/2018/PN Jkt.Pst,1,LUCAS
92/Pid.Sus-TPK/2018/PN Jkt.Pst,1,TIAISAH RITONGA
91/Pid.Sus-TPK/2018/PN Jkt.Pst,1,Drs. H. RIJAL SIRAIT
91/Pid.Sus-TPK/2018/PN Jkt.Pst,2,FADLY NURZAL
91/Pid.Sus-TPK/2018/PN Jkt.Pst,3,ROOSLYNDA MARPAUNG
91/Pid.Sus-TPK/2018/PN Jkt.Pst,4,RINAWATI SIANTURI
94/Pid.Sus-TPK/2018/PN Jkt.Pst,1,ZAINAL MUS
93/Pid.Sus-TPK/2018/PN Jkt.Pst,1,ARIFIN NAINGGOLAN
93/Pid.Sus-TPK/2018/PN Jkt.Pst,2,MUSTOFAWIYAH
93/Pid.Sus-TPK/2018/PN Jkt.Pst,3,SOPAR SIBURIAN
93/Pid.Sus-TPK/2018/PN Jkt.Pst,4,ANALISMAN ZALUKHU
96/Pid.Sus-TPK/2018/PN Jkt.Pst,1,HELMIATI
96/Pid.Sus-TPK/2018/PN Jkt.Pst,2,MUSLIM SIMBOLON
96/Pid.Sus-TPK/2018/PN Jkt.Pst,3,SONNY FIRDAUS
95/Pid.Sus-TPK/2018/PN Jkt.Pst,1,AHMAD HIDAYAT MUS
99/Pid.Sus-TPK/2018/PN Jkt.Pst,1,TEUKU SAIFUL BAHRI
98/Pid.Sus-TPK/2018/PN Jkt.Pst,1,HENDRI YUZAL
97/Pid.Sus-TPK/2018/PN Jkt.Pst,1,"drh. H. IRWANDI YUSUF, M.Sc"
100/Pid.Sus-TPK/2018/PN Jkt.Pst,1,ENI MAULANI SARAGIH
101/Pid.Sus-TPK/2018/PN Jkt.Pst,1,BUDI TJAHJONO
103/Pid.Sus-TPK/2018/PN Jkt.Pst,1,HADI SETIAWAN
63/Pid.Sus-TPK/2018/PN Jkt.Pst,1,HENDRAWAN SA
62/Pid.Sus-TPK/2018/PN Jkt.Pst,1,JEFRI WIBISONO
65/Pid.Sus-TPK/2018/PN Jkt.Pst,1,Irvanto Hendra Pambudi Cahyo
65/Pid.Sus-TPK/2018/PN Jkt.Pst,2,Made Oka Masagung
66/Pid.Sus-TPK/2018/PN Jkt.Pst,1,"ALEX USMAN, S.Sos, SH., MM"
67/Pid.Sus-TPK/2018/PN Jkt.Pst,1,MADE MEREGAWA
71/Pid.Sus-TPK/2018/PN Jkt.Pst,1,"Drs. Kitot Prihartono, S., MM"
70/Pid.Sus-TPK/2018/PN Jkt.Pst,1,"HERMAN SUDIANTO, SE"
69/Pid.Sus-TPK/2018/PN Jkt.Pst,1,SYAIFUL BAHRI
68/Pid.Sus-TPK/2018/PN Jkt.Pst,1,FAYAKHUN ANDRIADI
72/Pid.Sus-TPK/2018/PN Jkt.Pst,1,ZUMI ZOLA ZULKIFLI
74/Pid.Sus-TPK/2018/PN Jkt.Pst,1,Drs. EDDY BUDHAYA
73/Pid.Sus-TPK/2018/PN Jkt.Pst,1,Martinus Suto Adikara
75/Pid.Sus-TPK/2018/PN Jkt.Pst,1,AMIN SANTONO
76/Pid.Sus-TPK/2018/PN Jkt.Pst,1,EKA KAMALUDDIN
78/Pid.Sus-TPK/2018/PN Jkt.Pst,1,"AHMADI, SE"
77/Pid.Sus-TPK/2018/PN Jkt.Pst,1,YAYA PURNOMO
79/Pid.Sus-TPK/2018/PN Jkt.Pst,1,Johanes Budisutrisno Kotjo
80/Pid.Sus-TPK/2018/PN Jkt.Pst,1,"ASRAR, SE"
81/Pid.Sus-TPK/2018/PN Jkt.Pst,1,Disamarkan
86/Pid.Sus-TPK/2018/PN Jkt.Pst,1,SUHARTONO SIMAMORA
86/Pid.Sus-TPK/2018/PN Jkt.Pst,2,AHMADIN bin SUDIRMAN
42/Pid.Sus-TPK/2018/PN Jkt.Pst,1,FAUZAN RIFANI
44/Pid.Sus-TPK/2018/PN Jkt.Pst,1,HASMUN HAMZAH
45/Pid.Sus-TPK/2018/PN Jkt.Pst,1,ABDUL LATIF
46/Pid.Sus-TPK/2018/PN Jkt.Pst,1,RUDY ERAWAN
50/Pid.Sus-TPK/2018/PN Jkt.Pst,1,"INDRA KUSNADI, ST., MM"
49/Pid.Sus-TPK/2018/PN Jkt.Pst,1,ARIS MALLAWEANG
48/Pid.Sus-TPK/2018/PN Jkt.Pst,1,YADI CAHYADI
47/Pid.Sus-TPK/2018/PN Jkt.Pst,1,"DR. DASRIL ANWAR, MS"
52/Pid.Sus-TPK/2018/PN Jkt.Pst,1,NATALIS SINAGA
51/Pid.Sus-TPK/2018/PN Jkt.Pst,1,RUSLIYANTO
53/Pid.Sus-TPK/2018/PN Jkt.Pst,1,"Ir. DUDY JOCOM, M.Si"
55/Pid.Sus-TPK/2018/PN Jkt.Pst,1,RIZKI HIKMAWAN
54/Pid.Sus-TPK/2018/PN Jkt.Pst,1,ARIS YUNANTO
58/Pid.Sus-TPK/2018/PN Jkt.Pst,1,FATMAWATY FAQIH
57/Pid.Sus-TPK/2018/PN Jkt.Pst,1,ADRIATMA DWI PUTRA
57/Pid.Sus-TPK/2018/PN Jkt.Pst,2,ASRUN
56/Pid.Sus-TPK/2018/PN Jkt.Pst,1,AHMAD GHIAST
59/Pid.Sus-TPK/2018/PN Jkt.Pst,1,"SUDI WANTOKO, MM.BAT"
61/Pid.Sus-TPK/2018/PN Jkt.Pst,1,SUTRISNO
60/Pid.Sus-TPK/2018/PN Jkt.Pst,1,EKO MARDIYANTO
64/Pid.Sus-TPK/2018/PN Jkt.Pst,1,NELSON
21/Pid.Sus-TPK/2018/PN Jkt.Pst,1,"Dr. SISCA HERMAWATI, ST, MT"
20/Pid.Sus-TPK/2018/PN Jkt.Pst,1,"DRS. DJOKO SUSETYO, ST."
25/Pid.Sus-TPK/2018/PN Jkt.Pst,1,DONNY WITONO
26/Pid.Sus-TPK/2018/PN Jkt.Pst,1,LUANNA WIRIAWATY
28/Pid.Sus-TPK/2018/PN Jkt.Pst,1,"dr. SURYA CHANDRA SURAPATY, MPH., Ph. D"
29/Pid.Sus-TPK/2018/PN Jkt.Pst,1,"DR. SANJOYO, MEc"
27/Pid.Sus-TPK/2018/PN Jkt.Pst,1,KARNASIH TJIPTANINGRUM
30/Pid.Sus-TPK/2018/PN Jkt.Pst,1,YENNY WIRIAWATY
31/Pid.Sus-TPK/2018/PN Jkt.Pst,1,RISMONO
32/Pid.Sus-TPK/2018/PN Jkt.Pst,1,Anang Sugiana Sudihardjo
33/Pid.Sus-TPK/2018/PN Jkt.Pst,1,"SITI ARYATI, SE"
33/Pid.Sus-TPK/2018/PN Jkt.Pst,2,Drs. ENDANG SUHERMAN
34/Pid.Sus-TPK/2018/PN Jkt.Pst,1,EDWARD SEKY SOERYADJAYA
35/Pid.Sus-TPK/2018/PN Jkt.Pst,1,ERIKSON HALOHO
36/Pid.Sus-TPK/2018/PN Jkt.Pst,1,"WAHYU WIDIYANTO, S.Sos"
37/Pid.Sus-TPK/2018/PN Jkt.Pst,1,TAUFIK RAHMAN
38/Pid.Sus-TPK/2018/PN Jkt.Pst,1,H. MUSTAFA
39/Pid.Sus-TPK/2018/PN Jkt.Pst,1,Syafruddin Arsyad Temenggung
40/Pid.Sus-TPK/2018/PN Jkt.Pst,1,GATHOT HARSONO
41/Pid.Sus-TPK/2018/PN Jkt.Pst,1,"Amir Pangaribuan, ST bin Sturman Pangaribuan"
43/Pid.Sus-TPK/2018/PN Jkt.Pst,1,ABDUL BASIT
4/Pid.Sus-TPK/2018/PN Jkt.Pst,1,"MUHAMMAD EFFENDI, SE"
3/Pid.Sus-TPK/2018/PN Jkt.Pst,1,BAMBANG GUNARTO
6/Pid.Sus-TPK/2018/PN Jkt.Pst,1,"AGOENG PARAMODA, SE., MM"
5/Pid.Sus-TPK/2018/PN Jkt.Pst,1,THIAN LIN alias HALIM ARDIANSYAH
7/Pid.Sus-TPK/2018/PN Jkt.Pst,1,ATENG HERMAWAN
8/Pid.Sus-TPK/2018/PN Jkt.Pst,1,SIGIT YUGOHARTO
9/Pid.Sus-TPK/2018/PN Jkt.Pst,1,"DR. FREDRICH YUNADI, SH, LLM, MBA"
10/Pid.Sus-TPK/2018/PN Jkt.Pst,1,RITA WIDYASARI
10/Pid.Sus-TPK/2018/PN Jkt.Pst,2,KHAIRUDIN
11/Pid.Sus-TPK/2018/PN Jkt.Pst,1,ADITYA ANUGRAH MOHA
12/Pid.Sus-TPK/2018/PN Jkt.Pst,1,SUDIWARDONO
13/Pid.Sus-TPK/2018/PN Jkt.Pst,1,ARIF FAIZAL RITONGA
14/Pid.Sus-TPK/2018/PN Jkt.Pst,1,Ir. RUDI GUNAWAN PAHLEWI S
16/Pid.Sus-TPK/2018/PN Jkt.Pst,1,"MARYATUN SANUSI, S.Sos"
15/Pid.Sus-TPK/2018/PN Jkt.Pst,1,"IYAN SOFYAN, S.Ag"
18/Pid.Sus-TPK/2018/PN Jkt.Pst,1,HERY SUSANTO GUN
17/Pid.Sus-TPK/2018/PN Jkt.Pst,1,dr. BIMANESH SUTARJO
19/Pid.Sus-TPK/2018/PN Jkt.Pst,1,"MUHAMMAD FADLI, A.PTNH, MH"
24/Pid.Sus-TPK/2018/PN Jkt.Pst,1,WAGIMAN
23/Pid.Sus-TPK/2018/PN Jkt.Pst,1,"SURYA KOPA, ST, MM."
22/Pid.Sus-TPK/2018/PN Jkt.Pst,1,"SLAMET RIYADI, S. Sos, MM"
115/Pid.Sus-TPK/2017/PN Jkt.Pst,1,"PIATOR SIMBOLON, ST"
116/Pid.Sus-TPK/2017/PN Jkt.Pst,1,AKHMAD ZAINI
117/Pid.Sus-TPK/2017/PN Jkt.Pst,1,ADI PUTRA KURNIAWAN
121/Pid.Sus-TPK/2017/PN Jkt.Pst,1,H. SUHERIMANTO
119/Pid.Sus-TPK/2017/PN Jkt.Pst,1,ARIA ODMAN bin IDRIS
118/Pid.Sus-TPK/2017/PN Jkt.Pst,1,YUNUS NAFIK
120/Pid.Sus-TPK/2017/PN Jkt.Pst,1,ALLEN DHARMAWAN
122/Pid.Sus-TPK/2017/PN Jkt.Pst,1,MOHAMAD AMINUDIN
123/Pid.Sus-TPK/2017/PN Jkt.Pst,1,NUR ALAM
126/Pid.Sus-TPK/2017/PN Jkt.Pst,1,PARSIYATI
124/Pid.Sus-TPK/2017/PN Jkt.Pst,1,"JAJUN JAENUDIN, S.Kom., MM"
125/Pid.Sus-TPK/2017/PN Jkt.Pst,1,SUDIRMAN
127/Pid.Sus-TPK/2017/PN Jkt.Pst,1,YUDI WIDIANA ADIA
129/Pid.Sus-TPK/2017/PN Jkt.Pst,1,Mulyadi Supardi alias Hua Ping atau Aping
128/Pid.Sus-TPK/2017/PN Jkt.Pst,1,ERIKA WIDIYANTI LIONG
130/Pid.Sus-TPK/2017/PN Jkt.Pst,1,SETYA NOVANTO
131/Pid.Sus-TPK/2017/PN Jkt.Pst,1,SETIA BUDI
132/Pid.Sus-TPK/2017/PN Jkt.Pst,1,NOFEL HASAN
1/Pid.Sus-TPK/2018/PN Jkt.Pst,1,"TARMIZI, SH., MH"
2/Pid.Sus-TPK/2018/PN Jkt.Pst,1,ANTONIUS TONNY BUDIONO
96/Pid.Sus-TPK/2017/PN Jkt.Pst,1,"KURYATNA ATMADJA, ST."
95/Pid.Sus-TPK/2017/PN Jkt.Pst,1,"SARIPUDIN, S.Sos."
98/Pid.Sus-TPK/2017/PN Jkt.Pst,1,"Drs. ASRIL MARZUKI, MM"
97/Pid.Sus-TPK/2017/PN Jkt.Pst,1,"H. FATAHILLAH, SH. MH. MM"
99/Pid.Sus-TPK/2017/PN Jkt.Pst,1,DWI WIDODO
100/Pid.Sus-TPK/2017/PN Jkt.Pst,1,ANDI AGUSTINUS alias ANDI NAROGONG
102/Pid.Sus-TPK/2017/PN Jkt.Pst,1,JAROT BUDI PRABOWO
101/Pid.Sus-TPK/2017/PN Jkt.Pst,1,SUGITO
105/Pid.Sus-TPK/2017/PN Jkt.Pst,1,RENI M. PASARIBU
104/Pid.Sus-TPK/2017/PN Jkt.Pst,1,"H. Budi Karya Irwanto, SE., ME"
103/Pid.Sus-TPK/2017/PN Jkt.Pst,1,MAROLOP SAMOSIR
106/Pid.Sus-TPK/2017/PN Jkt.Pst,1,"M. CHUTOBI, BE"
108/Pid.Sus-TPK/2017/PN Jkt.Pst,1,UPIK ROSALINA WASRIN
107/Pid.Sus-TPK/2017/PN Jkt.Pst,1,Muhammad Helmi Kamal Lubis
109/Pid.Sus-TPK/2017/PN Jkt.Pst,1,RENDY LEON TUA SIAHAAN
109/Pid.Sus-TPK/2017/PN Jkt.Pst,2,RUDI SIAHAAN
110/Pid.Sus-TPK/2017/PN Jkt.Pst,1,"Pahala Tua, S.Sos., MM alias Pahala Tua Sidauruk"
111/Pid.Sus-TPK/2017/PN Jkt.Pst,1,"Ir. Herning Wahyuningsih, MT"
112/Pid.Sus-TPK/2017/PN Jkt.Pst,1,Rochmadi Saptogiri
113/Pid.Sus-TPK/2017/PN Jkt.Pst,1,ALI SADLI
114/Pid.Sus-TPK/2017/PN Jkt.Pst,1,DASEP AHMADI
75/Pid.Sus-TPK/2017/PN Jkt.Pst,1,NG FENNY
76/Pid.Sus-TPK/2017/PN Jkt.Pst,1,TUGIYONO
82/Pid.Sus-TPK/2017/PN Jkt.Pst,1,KAMALUDIN
81/Pid.Sus-TPK/2017/PN Jkt.Pst,1,PATRIALIS AKBAR
80/Pid.Sus-TPK/2017/PN Jkt.Pst,1,NISIN bin MANSUR SUWE
79/Pid.Sus-TPK/2017/PN Jkt.Pst,1,MUSTA'IN bin MARDANI
78/Pid.Sus-TPK/2017/PN Jkt.Pst,1,SOVYAN RAMLAN
77/Pid.Sus-TPK/2017/PN Jkt.Pst,1,"M. MUSTOFA, S.Pd"
83/Pid.Sus-TPK/2017/PN Jkt.Pst,1,Samsu Umar Abdul Samiun alias Umar Samiun
86/Pid.Sus-TPK/2017/PN Jkt.Pst,1,H. Ihwan Agus Salim
85/Pid.Sus-TPK/2017/PN Jkt.Pst,1,"ANJAS RIVAI, SH"
84/Pid.Sus-TPK/2017/PN Jkt.Pst,1,DODY ISWANDI
87/Pid.Sus-TPK/2017/PN Jkt.Pst,1,Ir. WAHYUDIN AKBAR
88/Pid.Sus-TPK/2017/PN Jkt.Pst,1,Charles Jones Mesang
89/Pid.Sus-TPK/2017/PN Jkt.Pst,1,Miryam S Haryani
90/Pid.Sus-TPK/2017/PN Jkt.Pst,1,MUSA ZAINUDDIN
93/Pid.Sus-TPK/2017/PN Jkt.Pst,1,LIBRA WIDIARTO
92/Pid.Sus-TPK/2017/PN Jkt.Pst,1,HENRY DJUHARI
91/Pid.Sus-TPK/2017/PN Jkt.Pst,1,FAHD EL FOUZ alias FADH A RAFIQ
94/Pid.Sus-TPK/2017/PN Jkt.Pst,1,DUDUNG PURWADI
55/Pid.Sus-TPK/2017/PN Pn.Jkt.Pst,1,HANDANG SOEKARNO
56/Pid.Sus-TPK/2017/PN Pn.Jkt.Pst,1,Hj. DELLY INDIRAYATI M.Si binti KASIYAMUN
57/Pid.Sus-TPK/2017/PN Pn.Jkt.Pst,1,LISNA ALAMRI
58/Pid.Sus-TPK/2017/PN .Jkt.Pst,1,SAIPUL JAMIL
59/Pid.Sus-TPK/2017/PN .Jkt.Pst,1,SRI AYOMI
59/Pid.Sus-TPK/2017/PN .Jkt.Pst,2,ANDI SYAMSU ALAM
64/Pid.Sus-TPK/2017/PN .Jkt.Pst,1,"Ir. H. EDDY SUDRAJAT, M.Si"
63/Pid.Sus-TPK/2017/PN .Jkt.Pst,1,"H. AHMAD YAZID BUSTOMI, ST., MM"
62/Pid.Sus-TPK/2017/PN .Jkt.Pst,1,"RIFQI AR, ST"
61/Pid.Sus-TPK/2017/PN .Jkt.Pst,1,"H. CARSIDI SETIADI, SH"
60/Pid.Sus-TPK/2017/PN .Jkt.Pst,1,EKO SUSILO HADI
65/Pid.Sus-TPK/2017/PN .Jkt.Pst,1,MARISI MATONDANG
69/Pid.Sus-TPK/2017/PN .Jkt.Pst,1,D. SIDHI WIDYAWAN
68/Pid.Sus-TPK/2017/PN .Jkt.Pst,1,CARLO GAMBINO HUTAHAEAN
67/Pid.Sus-TPK/2017/PN .Jkt.Pst,1,EDDY
66/Pid.Sus-TPK/2017/PN .Jkt.Pst,1,Ir. JOHAN INDRACHMAN
71/Pid.Sus-TPK/2017/PN .Jkt.Pst,1,"LUDIE ERISTIAWAN KUSUMA, SE"
70/Pid.Sus-TPK/2017/PN .Jkt.Pst,1,HENDRIK HANDOKO
72/Pid.Sus-TPK/2017/PN .Jkt.Pst,1,SO KOK SENG alias ASENG
73/Pid.Sus-TPK/2017/PN .Jkt.Pst,1,"ACHMAD NAHROWI, SE., MM"
74/Pid.Sus-TPK/2017/PN Jkt.Pst,1,BASUKI HARIMAN
35/Pid.Sus-TPK/2017/PN Pn.Jkt.Pst,1,Ir. H. HENGKY WIBOWO
36/Pid.Sus-TPK/2017/PN Pn.Jkt.Pst,1,"Ir. SUHARTONO, MT bin ABDOESS SAMAD"
37/Pid.Sus-TPK/2017/PN Pn.Jkt.Pst,1,Dr. EDDY S LIMANTORO
38/Pid.Sus-TPK/2017/PN Pn.Jkt.Pst,1,HARDY STEFANUS
39/Pid.Sus-TPK/2017/PN Pn.Jkt.Pst,1,MUHAMMAD ADAMI OKTA
40/Pid.Sus-TPK/2017/PN Pn.Jkt.Pst,1,RATU ATUT CHOSIYAH
41/Pid.Sus-TPK/2017/PN Pn.Jkt.Pst,1,IRMAN
41/Pid.Sus-TPK/2017/PN Pn.Jkt.Pst,2,SUGIHARTO
42/Pid.Sus-TPK/2017/PN Pn.Jkt.Pst,1,FAHMI DARMAWANSYAH
43/Pid.Sus-TPK/2017/PN Pn.Jkt.Pst,1,"Ir. Drs. H. IRVAN AMTHA, M.Sc"
44/Pid.Sus-TPK/2017/PN Pn.Jkt.Pst,1,"HERRY PRASTOWO, SE., MM"
45/Pid.Sus-TPK/2017/PN Pn.Jkt.Pst,1,Ir. H. FAKHRURRAZI
46/Pid.Sus-TPK/2017/PN Pn.Jkt.Pst,1,"ALEX USMAN, S.Sos, SH., MM"
47/Pid.Sus-TPK/2017/PN Pn.Jkt.Pst,1,"ALEX USMAN, S.Sos, SH., MM"
48/Pid.Sus-TPK/2017/PN Pn.Jkt.Pst,1,SUMHARMOKO
49/Pid.Sus-TPK/2017/PN Pn.Jkt.Pst,1,"AGUS DWI INDRIARTO, S.Si., M.S.E"
50/Pid.Sus-TPK/2017/PN Pn.Jkt.Pst,1,TAN ING DJIE
50/Pid.Sus-TPK/2017/PN Pn.Jkt.Pst,2,SURIPTO alias ASAI
51/Pid.Sus-TPK/2017/PN Pn.Jkt.Pst,1,M.G.S. JANCIK
51/Pid.Sus-TPK/2017/PN Pn.Jkt.Pst,2,CEPI SUDIANA
52/Pid.Sus-TPK/2017/PN Pn.Jkt.Pst,1,"Ir. SINTONG SIANIPAR, MT"
53/Pid.Sus-TPK/2017/PN Pn.Jkt.Pst,1,"Ir. CETO DWI SAPTONO, MM"
54/Pid.Sus-TPK/2017/PN Pn.Jkt.Pst,1,Andi Zulkarnain Anwar alias Andi Zulkarnain Mallarangeng alias Choel
15/Pid.Sus-TPK/2017/PN Pn.Jkt.Pst,1,"WAHYUDIANTO, ST., MM., MT"
16/Pid.Sus-TPK/2017/PN Pn.Jkt.Pst,1,"SURYANA SUPARMAN, S.Sos bin SUPARMAN"
17/Pid.Sus-TPK/2017/PN Pn.Jkt.Pst,1,"ELIAS, SE bin EDWAR SITOMPUL"
18/Pid.Sus-TPK/2017/PN Pn.Jkt.Pst,1,H. FAUZI TOHASAN
19/Pid.Sus-TPK/2017/PN Pn.Jkt.Pst,1,ANDI TAUFAN TIRO
20/Pid.Sus-TPK/2017/PN Pn.Jkt.Pst,1,LUCKY PERMANA
21/Pid.Sus-TPK/2017/PN Pn.Jkt.Pst,1,ABDU RASYID
22/Pid.Sus-TPK/2017/PN Pn.Jkt.Pst,1,"Ir. AKHMAD WILDANI, M.Si"
23/Pid.Sus-TPK/2017/PN Pn.Jkt.Pst,1,"BIRMAN BANJARNEGARA, SH"
24/Pid.Sus-TPK/2017/PN Pn.Jkt.Pst,1,PANTUN BANJARNAHOR
25/Pid.Sus-TPK/2017/PN Pn.Jkt.Pst,1,MEIZI SYELFIA
26/Pid.Sus-TPK/2017/PN Pn.Jkt.Pst,1,Raden Brotoseno bin Raden Bambang Prijo Sudibjo
27/Pid.Sus-TPK/2017/PN Pn.Jkt.Pst,1,LEXI MAILOWA BUDIMAN
28/Pid.Sus-TPK/2017/PN Pn.Jkt.Pst,1,HARIS ARTHUR HEDAR
29/Pid.Sus-TPK/2017/PN Pn.Jkt.Pst,1,DEDY SETIAWAN YUNUS
30/Pid.Sus-TPK/2017/PN Pn.Jkt.Pst,1,"Dr. dr. SITI FADILAH SUPARI, SP.JP K"
31/Pid.Sus-TPK/2017/PN Pn.Jkt.Pst,1,RAMAPANICKER RAJAMOHANAN NAIR
32/Pid.Sus-TPK/2017/PN Pn.Jkt.Pst,1,"Dr. EKO BUDIWIYONO, MBA"
33/Pid.Sus-TPK/2017/PN Pn.Jkt.Pst,1,GUSTI INDRA RAHMADIANSYAH
34/Pid.Sus-TPK/2017/PN Pn.Jkt.Pst,1,MULYATNO WIBOWO
126/Pid.Sus-TPK/2016/PN Pn.Jkt.Pst,1,"IRFAN ARDI TASYA, ST"
127/Pid.Sus-TPK/2016/PN Pn.Jkt.Pst,1,YUSUF MIRAND
128/Pid.Sus-TPK/2016/PN Pn.Jkt.Pst,1,ENDANG SUDARMONO
129/Pid.Sus-TPK/2016/PN Pn.Jkt.Pst,1,AMRAN HI MUSTARY
130/Pid.Sus-TPK/2016/PN Pn.Jkt.Pst,1,IWAN GOUTAMA GOUW
131/Pid.Sus-TPK/2016/PN Pn.Jkt.Pst,1,"HUSBI, SH., MM alias HUSBI WARIS, SH., MM"
1/Pid.Sus-TPK/2017/PN Pn.Jkt.Pst,1,DASTUA GULTOM
2/Pid.Sus-TPK/2017/PN Pn.Jkt.Pst,1,"RIMAWATI, SH"
3/Pid.Sus-TPK/2017/PN Pn.Jkt.Pst,1,"KAMSUDIN, SH., MH"
4/Pid.Sus-TPK/2017/PN Pn.Jkt.Pst,1,MUH. IRFAN IDRIS bin ROYANI
5/Pid.Sus-TPK/2017/PN Pn.Jkt.Pst,1,"AGUS SALIM, S.ST"
6/Pid.Sus-TPK/2017/PN Pn.Jkt.Pst,1,"Achmad Dahlan, SH., M.Si bin Arma Yakun"
7/Pid.Sus-TPK/2017/PN Pn.Jkt.Pst,1,"H. SUNARTO, SE bin H. SUNARDI"
8/Pid.Sus-TPK/2017/PN Pn.Jkt.Pst,1,Drs. Hardi Thahir bin Muhammad Thahir
9/Pid.Sus-TPK/2017/PN Pn.Jkt.Pst,1,Ir. Zaenal Mohamad Saleh bin Mohamad Saleh
10/Pid.Sus-TPK/2017/PN Pn.Jkt.Pst,1,"IIS SUTRISNA, ST bin BENUM SETIAWAN"
11/Pid.Sus-TPK/2017/PN Pn.Jkt.Pst,1,Drs. ZULKARNAEN bin BUJANG
12/Pid.Sus-TPK/2017/PN Pn.Jkt.Pst,1,"SUBUR bin TUMADI, S.ST.MT"
13/Pid.Sus-TPK/2017/PN Pn.Jkt.Pst,1,"Ir. HENRY DUNANT, M.Si., MM"
14/Pid.Sus-TPK/2017/PN Pn.Jkt.Pst,1,Ir. Jati Waluyo bin M. Soewoto
106/Pid.Sus-TPK/2016/PN Pn.Jkt.Pst,1,TOKIJAN SIMARMATA
107/Pid.Sus-TPK/2016/PN Pn.Jkt.Pst,1,"dr. BAMBANG SARDJONO, MPH"
108/Pid.Sus-TPK/2016/PN Pn.Jkt.Pst,1,"Drs. DASIKIN, M.Pd"
109/Pid.Sus-TPK/2016/PN Pn.Jkt.Pst,1,"Fahmi Zulfikar Hasibuan, SH"
110/Pid.Sus-TPK/2016/PN Pn.Jkt.Pst,1,"MUHAMMAD FIRMANSYAH, SE"
111/Pid.Sus-TPK/2016/PN Pn.Jkt.Pst,1,HARRY LO
112/Pid.Sus-TPK/2016/PN Pn.Jkt.Pst,1,IRMAN GUSMAN
113/Pid.Sus-TPK/2016/PN Pn.Jkt.Pst,1,XAVERIANDY SUTANTO
113/Pid.Sus-TPK/2016/PN Pn.Jkt.Pst,2,MEMI
114/Pid.Sus-TPK/2016/PN Pn.Jkt.Pst,1,ARIS HADIANTO
115/Pid.Sus-TPK/2016/PN Pn.Jkt.Pst,1,MUHAMMAD SANTOSO
116/Pid.Sus-TPK/2016/PN Pn.Jkt.Pst,1,SRI ASTUTI
117/Pid.Sus-TPK/2016/PN Pn.Jkt.Pst,1,I PUTU SUDIARTANA
118/Pid.Sus-TPK/2016/PN Pn.Jkt.Pst,1,Endang bin Atmadja
119/Pid.Sus-TPK/2016/PN Pn.Jkt.Pst,1,Budhi Karya Irwanto
120/Pid.Sus-TPK/2016/PN Pn.Jkt.Pst,1,HARYADI BUDI KUNCORO
121/Pid.Sus-TPK/2016/PN Pn.Jkt.Pst,1,FERIALDY NOERLAN
122/Pid.Sus-TPK/2016/PN Pn.Jkt.Pst,1,Drs. H. ZAINAL ABIDIN SUPI
123/Pid.Sus-TPK/2016/PN Pn.Jkt.Pst,1,"H. MIFTAHUL MAULANA, MTI"
124/Pid.Sus-TPK/2016/PN Pn.Jkt.Pst,1,LIM WENDRA HALINGKAR
125/Pid.Sus-TPK/2016/PN Pn.Jkt.Pst,1,"CECEP, ST"
86/Pid.Sus-TPK/2016/PN Pn.Jkt.Pst,1,"EDITIAWARMAN, SH., M.Hum"
87/Pid.Sus-TPK/2016/PN Pn.Jkt.Pst,1,SUBARI
88/Pid.Sus-TPK/2016/PN Pn.Jkt.Pst,1,HEDDY HAMRULLAH
89/Pid.Sus-TPK/2016/PN Pn.Jkt.Pst,1,RADEN SUGIYARTO
90/Pid.Sus-TPK/2016/PN Pn.Jkt.Pst,1,EKO PRIHARTONO
91/Pid.Sus-TPK/2016/PN Pn.Jkt.Pst,1,SUHEMI
91/Pid.Sus-TPK/2016/PN Pn.Jkt.Pst,2,NOVIYANTI
92/Pid.Sus-TPK/2016/PN Pn.Jkt.Pst,1,AHMAD YANI
93/Pid.Sus-TPK/2016/PN Pn.Jkt.Pst,1,Yuliana Setyaning M. S.pd
94/Pid.Sus-TPK/2016/PN Pn.Jkt.Pst,1,Raoul Adithya Wiranatakusumah
95/Pid.Sus-TPK/2016/PN Pn.Jkt.Pst,1,"ELIS IRNAWATI, A.Md"
96/Pid.Sus-TPK/2016/PN Pn.Jkt.Pst,1,ZULKIFLI HUSEIN
97/Pid.Sus-TPK/2016/PN Pn.Jkt.Pst,1,PARLUHUTAN SIREGAR
98/Pid.Sus-TPK/2016/PN Pn.Jkt.Pst,1,ZULKIFLI EFENDI S alias ZULKIFLI EFFENDI SIREGAR
99/Pid.Sus-TPK/2016/PN Pn.Jkt.Pst,1,BUDIMAN PARDAMEAN NADAPDAP
100/Pid.Sus-TPK/2016/PN Pn.Jkt.Pst,1,GUNTUR MANURUNG
101/Pid.Sus-TPK/2016/PN Pn.Jkt.Pst,1,BUDIANTO HALIM WIDJAJA
102/Pid.Sus-TPK/2016/PN Pn.Jkt.Pst,1,"DJOKO UTOJO, SH"
103/Pid.Sus-TPK/2016/PN Pn.Jkt.Pst,1,BUSTAMI HS
104/Pid.Sus-TPK/2016/PN Pn.Jkt.Pst,1,MUHAMMAD AFAN
105/Pid.Sus-TPK/2016/PN Pn.Jkt.Pst,1,"Ir. MIMI RAHMIATI, MSi"
66/Pid.Sus-TPK/2016/PN Pn.Jkt.Pst,1,MOHAMAD SANUSI
67/Pid.Sus-TPK/2016/PN Pn.Jkt.Pst,1,"URIP PASTINTORO, ST"
68/Pid.Sus-TPK/2016/PN Pn.Jkt.Pst,1,BERTHANATALIA RURUK KARIMAN
68/Pid.Sus-TPK/2016/PN Pn.Jkt.Pst,2,SAMSUL HIDAYATULLAH
69/Pid.Sus-TPK/2016/PN Pn.Jkt.Pst,1,KASMAN alias KASMAN SANGAJI
70/Pid.Sus-TPK/2016/PN Pn.Jkt.Pst,1,HERI SETYAWAN
71/Pid.Sus-TPK/2016/PN Pn.Jkt.Pst,1,Binahar Pangaribuan bin Jentan Pangaribuan
72/Pid.Sus-TPK/2016/PN Pn.Jkt.Pst,1,AHMAD MAWARDY
73/Pid.Sus-TPK/2016/PN Pn.Jkt.Pst,1,Arnold Welly Arde bin A. Doloksaribu
74/Pid.Sus-TPK/2016/PN Pn.Jkt.Pst,1,Yoyo Suryanto bin Sutarya
75/Pid.Sus-TPK/2016/PN Pn.Jkt.Pst,1,NURHADI
76/Pid.Sus-TPK/2016/PN Pn.Jkt.Pst,1,H. Ir. LA NYALLA MAHMUD MATTALITTI
77/Pid.Sus-TPK/2016/PN Pn.Jkt.Pst,1,ROHADI
78/Pid.Sus-TPK/2016/PN Pn.Jkt.Pst,1,EDY NASUTION
79/Pid.Sus-TPK/2016/PN Pn.Jkt.Pst,1,SITI MARWA
80/Pid.Sus-TPK/2016/PN Pn.Jkt.Pst,1,"Ir. SUPRAPTO, M.Si"
81/Pid.Sus-TPK/2016/PN Pn.Jkt.Pst,1,YOGAN ASKAN
82/Pid.Sus-TPK/2016/PN Pn.Jkt.Pst,1,L. MARDAPOT AMBARITA
83/Pid.Sus-TPK/2016/PN Pn.Jkt.Pst,1,BAMBANG DARYONO
84/Pid.Sus-TPK/2016/PN Pn.Jkt.Pst,1,DJAJUSMAN
85/Pid.Sus-TPK/2016/PN Pn.Jkt.Pst,1,Erwin Widagno Sirin Saputro
46/Pid.Sus-TPK/2016/PN JKT.PST,1,Drs. H.A SAIFUDDIN
47/Pid.Sus-TPK/2016/PN JKT.PST,1,Hj. DELLY INDIRAYATI
48/Pid.Sus-TPK/2016/PN JKT.PST,1,Sukotjo Sastronegoro Bambang
49/Pid.Sus-TPK/2016/PN JKT.PST,1,Trinanda Prihantoro
50/Pid.Sus-TPK/2016/PN JKT.PST,1,ARIESMAN WIDJAJA
51/Pid.Sus-TPK/2016/PN JKT.PST,1,SUDI WANTOKO
51/Pid.Sus-TPK/2016/PN JKT.PST,2,DANDUNG PAMULARNO
52/Pid.Sus-TPK/2016/PN JKT.PST,1,MARUDUT
53/Pid.Sus-TPK/2016/PN JKT.PST,1,Andri Tristianto Sutrisna
54/Pid.Sus-TPK/2016/PN JKT.PST,1,Lukman Hakim
55/Pid.Sus-TPK/2016/PN JKT.PST,1,Hendri Kartika Andri
56/Pid.Sus-TPK/2016/PN JKT.PST,1,DULLES TAMPUBOLON
57/Pid.Sus-TPK/2016/PN JKT.PST,1,H. SUPENDI bin AMIR
58/Pid.Sus-TPK/2016/PN JKT.PST,1,Doddy Aryanto Supeno
59/Pid.Sus-TPK/2016/PN Pn.Jkt.Pst,1,RUSLAN ABDUL GANI
60/Pid.Sus-TPK/2016/PN Pn.Jkt.Pst,1,HERRY SETIADJI
60/Pid.Sus-TPK/2016/PN Pn.Jkt.Pst,2,INDARTO CATUR NUGROHO
60/Pid.Sus-TPK/2016/PN Pn.Jkt.Pst,3,SLAMET RIYANA
61/Pid.Sus-TPK/2016/PN Pn.Jkt.Pst,1,CHAIDI THE
62/Pid.Sus-TPK/2016/PN Pn.Jkt.Pst,1,G.F. Posenti M Marung alias Gabriel Marung
63/Pid.Sus-TPK/2016/PN Pn.Jkt.Pst,1,BUDI SUPRIYANTO
64/Pid.Sus-TPK/2016/PN Pn.Jkt.Pst,1,SURYADI
65/Pid.Sus-TPK/2016/PN Pn.Jkt.Pst,1,Ir. BUDIANTORO SYAHLANI
26/Pid.Sus-TPK/2016/PN JKT.PST,1,"Ir. LINDA MULYANI, M.Si"
27/Pid.Sus-TPK/2016/PN JKT.PST,1,"MASOPAN, S.Kom"
27/Pid.Sus-TPK/2016/PN JKT.PST,2,Drs. JUNAEDI
28/Pid.Sus-TPK/2016/PN JKT.PST,1,SIGIT PRAMONO ASRI
29/Pid.Sus-TPK/2016/PN JKT.PST,1,H. SALEH BANGUN
30/Pid.Sus-TPK/2016/PN JKT.PST,1,CHAIDIR RITONGA
31/Pid.Sus-TPK/2016/PN JKT.PST,1,AJIB SHAH
32/Pid.Sus-TPK/2016/PN JKT.PST,1,ABDUL KHOIR
33/Pid.Sus-TPK/2016/PN JKT.PST,1,RUCIE NOVIHARI binti HARI SOESENO
34/Pid.Sus-TPK/2016/PN JKT.PST,1,Djoko Pramono
35/Pid.Sus-TPK/2016/PN JKT.PST,1,"RIDWAN, S.Sos"
35/Pid.Sus-TPK/2016/PN JKT.PST,2,RAHMAD MULYADI
35/Pid.Sus-TPK/2016/PN JKT.PST,3,"SYAMSUL ADHI DARMA, SE"
36/Pid.Sus-TPK/2016/PN JKT.PST,1,ICHSAN SUAIDI
36/Pid.Sus-TPK/2016/PN JKT.PST,2,AWANG LAZUARDI EMBAT
37/Pid.Sus-TPK/2016/PN JKT.PST,1,Ir. JON RISMAN DAMANIK alias JON
37/Pid.Sus-TPK/2016/PN JKT.PST,2,KASDIAMAN SITOPU
37/Pid.Sus-TPK/2016/PN JKT.PST,3,RACHMAD PURBA
38/Pid.Sus-TPK/2016/PN JKT.PST,1,drh. SUPIYAH RAHAYU
39/Pid.Sus-TPK/2016/PN JKT.PST,1,Ir. GIRI SURYATMANA
40/Pid.Sus-TPK/2016/PN JKT.PST,1,BOBBY REYNOLD MAMAHIT
41/Pid.Sus-TPK/2016/PN JKT.PST,1,Damayanti Wisnu Putranti
42/Pid.Sus-TPK/2016/PN JKT.PST,1,Dessy Ariyati Edwin
43/Pid.Sus-TPK/2016/PN JKT.PST,1,Julia Prasetyarini alias UWI
44/Pid.Sus-TPK/2016/PN JKT.PST,1,RR. Titi Aghra Parithusta
45/Pid.Sus-TPK/2016/PN JKT.PST,1,YAYA SUPRIYADI
6/PID.SUS/TPK/2016/PN JKT.PST,1,Ir. TANGGUL PRIMANDARU
7/PID.SUS/TPK/2016/PN JKT.PST,1,EGON CHAIRUL ARIFIN
8/Pid.Sus-TPK/2016/PN JKT.PST,1,"Drh. Agus Indrajaya, MM"
9/Pid.Sus-TPK/2016/PN JKT.PST,1,DR. Basuki Ranto
10/Pid.Sus-TPK/2016/PN JKT.PST,1,DR. ZAINAL SOLEMAN
11/Pid.Sus-TPK/2016/PN JKT.PST,1,"Rino Lande, ST"
12/Pid.Sus-TPK/2016/PN JKT.PST,1,Drs. Brahmantory
13/Pid.Sus-TPK/2016/PN JKT.PST,1,DEWI ARYALINIZA alias DEWIE YASIN LIMPO
13/Pid.Sus-TPK/2016/PN JKT.PST,2,BAMBANG WAHYUHADI
14/Pid.Sus-TPK/2016/PN JKT.PST,1,RINELDA BANDASO alias INE
15/Pid.Sus-TPK/2016/PN JKT.PST,1,Kamaluddin Harahap
16/Pid.Sus-TPK/2016/PN JKT.PST,1,H. MARKASI
17/Pid.Sus-TPK/2016/PN JKT.PST,1,Ir. ITJEU KRISMIATI
18/Pid.Sus-TPK/2016/PN JKT.PST,1,"YUNI ESTIANA, A.Md"
19/Pid.Sus-TPK/2016/PN JKT.PST,1,"MAULUDINO, A.Md"
20/Pid.Sus-TPK/2016/PN JKT.PST,1,"Ir. H. MONANG RITONGA, MT"
21/Pid.Sus-TPK/2016/PN JKT.PST,1,Ir. PAMUDJI bin DJEMAKIR
22/Pid.Sus-TPK/2016/PN JKT.PST,1,"Ir. WAGIMAN, MT bin TUAH"
23/Pid.Sus-TPK/2016/PN JKT.PST,1,Bambang Prajoko
24/Pid.Sus-TPK/2016/PN JKT.PST,1,Muhammad Syakir
25/Pid.Sus-TPK/2016/PN JKT.PST,1,dr. H. Syawal Idris Chaniago
149/PID.SUS/TPK/2015/PN JKT.PST,1,"Drs. H. RAHUDMAN HARAHAP, MM"
150/PID.SUS/TPK/2015/PN JKT.PST,1,"Ir. ASEP SUKARNO, M.Si.MT"
151/PID.SUS/TPK/2015/PN JKT.PST,1,Moh. YAGARI BHASTARA GUNTUR alias GARY
152/PID.SUS/TPK/2015/PN JKT.PST,1,MENNY SETIAWAN
152/PID.SUS/TPK/2015/PN JKT.PST,2,LIM CHANDRA SUTIOSO
152/PID.SUS/TPK/2015/PN JKT.PST,3,HARRY GANDHY
153/PID.SUS/TPK/2015/PN JKT.PST,1,ARIS SETIAWAN
154/PID.SUS/TPK/2015/PN JKT.PST,1,BAIHAQI
155/PID.SUS/TPK/2015/PN JKT.PST,1,"Drs.H.JUMADI,M.pd"
156/PID.SUS/TPK/2015/PN JKT.PST,1,LIN WENLU 
157/PID.SUS/TPK/2015/PN JKT.PST,1,JAMALUDDIEN MALIK
158/PID.SUS/TPK/2015/PN JKT.PST,1,HENGKY WIDJAJA
159/PID.SUS/TPK/2015/PN JKT.PST,1,MUHAMMAD NAZARUDDIN
160/PID.SUS/TPK/2015/PN JKT.PST,1,Drs. PARTOGI PANGARIBUAN
161/PID.SUS/TPK/2015/PN JKT.PST,1,GATOT PUJO NUGROHO
161/PID.SUS/TPK/2015/PN JKT.PST,2,EVY SUSANTI
162/PID.SUS/TPK/2015/PN JKT.PST,1,SUKARDI
163/PID.SUS/TPK/2015/PN JKT.PST,1,"Drs. RACHMAT, HDP"
1/PID.SUS/TPK/2016/PN JKT.PST,1,IRENIUS ADII
1/PID.SUS/TPK/2016/PN JKT.PST,2,SETIADY JUSUF
2/PID.SUS/TPK/2016/PN JKT.PST,1,MUSAFAH
3/PID.SUS/TPK/2016/PN JKT.PST,1,IMAM ARIYANTA
4/PID.SUS/TPK/2016/PN JKT.PST,1,"ALEX USMAN, S.Sos, SH., MM"
5/PID.SUS/TPK/2016/PN JKT.PST,1,WIRATMOKO SETIADJI
129/PID.SUS/TPK/2015/PN JKT.PST,1,Eryatie Kuwandy alias Lusia Marcella Eryatie alias LUSI
130/PID.SUS/TPK/2015/PN JKT.PST,1,EBEN EZER SIREGAR
130/PID.SUS/TPK/2015/PN JKT.PST,2,SONDANG GULTOM
131/PID.SUS/TPK/2015/PN JKT.PST,1,"SUKADI, SE bin MASTUR"
132/PID.SUS/TPK/2015/PN JKT.PST,1,"H. SUDARTO, SE bin SUDARMO"
133/PID.SUS/TPK/2015/PN JKT.PST,1,dr. WIWIT AYU WULANDARI
134/PID.SUS/TPK/2015/PN JKT.PST,1,"Drs. EDDY MACHMUDI EFFENDI, MA"
135/PID.SUS/TPK/2015/PN JKT.PST,1,ISMAIL IBRAHIM
136/PID.SUS/TPK/2015/PN JKT.PST,1,PURNAMA KARNA UTAMA
137/PID.SUS/TPK/2015/PN JKT.PST,1,"ALEX USMAN, S.Sos, SH., MM"
138/PID.SUS/TPK/2015/PN JKT.PST,1,"BAGUS HANDOKO, MT"
139/PID.SUS/TPK/2015/PN JKT.PST,1,DJADJAT SUHARDJA
139/PID.SUS/TPK/2015/PN JKT.PST,2,Drs. SUTRISNO
140/PID.SUS/TPK/2015/PN JKT.PST,1,Ir. DASEP AHMADI
141/PID.SUS/TPK/2015/PN JKT.PST,1,TJINTERA JOHAN
142/PID.SUS/TPK/2015/PN JKT.PST,1,"Drs. M. ZAINUDDIN, MM"
143/PID.SUS/TPK/2015/PN JKT.PST,1,"JOKO PRIONO, ST"
144/PID.SUS/TPK/2015/PN JKT.PST,1,PATRICE RIO CAPELLA
145/PID.SUS/TPK/2015/PN JKT.PST,1,HARUN SUARSONO
146/PID.SUS/TPK/2015/PN JKT.PST,1,SLAMET PURWANTO bin ABDUL HAMID
147/PID.SUS/TPK/2015/PN JKT.PST,1,"SOBRI WIJAYA, S.Kom., MM"
148/PID.SUS/TPK/2015/PN JKT.PST,1,HENDRA SUDJANA alias MINGKENG
109/PID.SUS/TPK/2015/PN JKT.PST,1,H. BUDI ANTONI ALJUFRI
109/PID.SUS/TPK/2015/PN JKT.PST,2,SUZANA BUDI ANTONI
110/PID.SUS/TPK/2015/PN JKT.PST,1,"Ir. JERO WACIK, SE"
111/PID.SUS/TPK/2015/PN JKT.PST,1,AMIR HAMZAH
111/PID.SUS/TPK/2015/PN JKT.PST,2,KASMIN
112/PID.SUS/TPK/2015/PN JKT.PST,1,MUHAMMAD IQBAL
113/PID.SUS/TPK/2015/PN JKT.PST,1,"BAMBANG WIJAYANTO, SH., MM"
114/PID.SUS/TPK/2015/PN JKT.PST,1,RAYA NAINGGOLAN
115/PID.SUS/TPK/2015/PN JKT.PST,1,RISDA ESTER MARTINI alias RISDA
116/PID.SUS/TPK/2015/PN JKT.PST,1,NURSAF IMANSYAH
117/PID.SUS/TPK/2015/PN JKT.PST,1,RAMSES SIHOMBING
118/PID.SUS/TPK/2015/PN JKT.PST,1,SUDJADI
119/PID.SUS/TPK/2015/PN JKT.PST,1,IRAWAN
119/PID.SUS/TPK/2015/PN JKT.PST,2,"SUGIARTO, S.SiT"
120/PID.SUS/TPK/2015/PN JKT.PST,1,BUDI RACHMAT KURNIAWAN
122/PID.SUS/TPK/2015/PN JKT.PST,1,TEUKU SYAIFUL ACHMAD
123/PID.SUS/TPK/2015/PN JKT.PST,1,ILHAM ARIEF SIRADJUDDIN
124/PID.SUS/TPK/2015/PN JKT.PST,1,TRIPENI IRIANTO PUTRO
121/PID.SUS/TPK/2015/PN JKT.PST,1,MADE MEREGAWA
125/PID.SUS/TPK/2015/PN JKT.PST,1,"ALI PATTA DP, MM"
126/PID.SUS/TPK/2015/PN JKT.PST,1,DERMAWAN GINTING
127/PID.SUS/TPK/2015/PN JKT.PST,1,AMIR FAUZI
128/PID.SUS/TPK/2015/PN JKT.PST,1,PANGLIMA TARIGAN
89/PID.SUS/TPK/2015/PN JKT.PST,1,OTTO CORNELIS KALIGIS
90/PID.SUS/TPK/2015/PN JKT.PST,1,IRWAN HENDARMIN
91/PID.SUS/TPK/2015/PN JKT.PST,1,HUSKE DWI GUSTIAN bin RAJA HUSIN
92/PID.SUS/TPK/2015/PN JKT.PST,1,ADRIANSYAH
93/PID.SUS/TPK/2015/PN JKT.PST,1,SURYADHARMA ALI
94/PID.SUS/TPK/2015/PN JKT.PST,1,"Ir. WILTON NADEAK, S.PDK"
95/PID.SUS/TPK/2015/PN JKT.PST,1,Agustinus Joko Wuryanto
96/PID.SUS/TPK/2015/PN JKT.PST,1,EDY SRIYANTO
97/PID.SUS/TPK/2015/PN JKT.PST,1,SAMSON SAWANGIN M
98/PID.SUS/TPK/2015/PN JKT.PST,1,"Drs. HERU BUDI SANTOSO, MM"
99/PID.SUS/TPK/2015/PN JKT.PST,1,RD. WEKO ATGIAWAN
100/PID.SUS/TPK/2015/PN JKT.PST,1,"DR.TUNGGUL PARNINGOTAN SIHOMBING, MHA"
101/PID.SUS/TPK/2015/PN JKT.PST,1,"Dr. Ir. PARIATMONO, M.Sc"
102/PID.SUS/TPK/2015/PN JKT.PST,1,Drs. SAMSIDI
103/PID.SUS/TPK/2015/PN JKT.PST,1,SYAMSIR YUSFAN
104/PID.SUS/TPK/2015/PN JKT.PST,1,BAMBANG WIRATMADJI SOEHARTO
105/PID.SUS/TPK/2015/PN JKT.PST,1,"Ir. H. ENDAD RACHMAT, MBT"
106/PID.SUS/TPK/2015/PN JKT.PST,1,Ir. DJADJAT SUDRADJAT
107/PID.SUS/TPK/2015/PN JKT.PST,1,"Ir. SUDARYANTO SUDARGO, MBA"
108/PID.SUS/TPK/2015/PN JKT.PST,1,RADEN SUPRAPTO
69/PID.SUS/TPK/2015/PN JKT.PST,1,BUDI SUSANTO
70/PID.SUS/TPK/2015/PN JKT.PST,1,CHEN CHONG KYEONG
71/PID.SUS/TPK/2015/PN JKT.PST,1,"Drs. YUSRALUDIN, M.Kes"
72/PID.SUS/TPK/2015/PN JKT.PST,1,LA MUSI DIDI
73/PID.SUS/TPK/2015/PN JKT.PST,1,JANNES JOHAN KARUBABA
74/PID.SUS/TPK/2015/PN JKT.PST,1,RINI YULIANTHIE FATIMAH
75/PID.SUS/TPK/2015/PN JKT.PST,1,RIZAL ABDULLAH
76/PID.SUS/TPK/2015/PN JKT.PST,1,RUSLI SIBUA
77/PID.SUS/TPK/2015/PN JKT.PST,1,Ilham Ariefiany bin Margani Saijan
78/PID.SUS/TPK/2015/PN JKT.PST,1,HANDOKO LIE
79/PID.SUS/TPK/2015/PN JKT.PST,1,HASSAN WIDJAJA
80/PID.SUS/TPK/2015/PN JKT.PST,1,H. MANDRA
81/PID.SUS/TPK/2015/PN JKT.PST,1,"YULKASMIR, SE. MM"
82/PID.SUS/TPK/2015/PN JKT.PST,1,IWAN CHERMAWAN
83/PID.SUS/TPK/2015/PN JKT.PST,1,AZAN TARIZKI
84/PID.SUS/TPK/2015/PN JKT.PST,1,"RIFIG ABDULLAH, ME"
85/PID.SUS/TPK/2015/PN JKT.PST,1,Ir. NOTO HARTONO
86/PID.SUS/TPK/2015/PN JKT.PST,1,ALFONSIUS SETIAWAN
87/PID.SUS/TPK/2015/PN JKT.PST,1,YAN KAUNANG alias JANTJE KAUNANG
88/PID.SUS/TPK/2015/PN JKT.PST,1,AWALUDIN
49/PID.SUS/TPK/2015/PN JKT.PST,1,"Dr. MULYA A. HASTMY, SP.B,M.Kes"
50/PID.SUS/TPK/2015/PN JKT.PST,1,"Drs. I MADE WINAYA, MM"
51/PID.SUS/TPK/2015/PN JKT.PST,1,"NOVI SETIA, SH"
52/PID.SUS/TPK/2015/PN JKT.PST,1,Drs. PULUNG
53/PID.SUS/TPK/2015/PN JKT.PST,1,Dra. RITA PURWANTI
54/PID.SUS/TPK/2015/PN JKT.PST,1,ANIS ALWAINY
55/PID.SUS/TPK/2015/PN JKT.PST,1,SRI ONENG SUSILANINGDIYAH
56/PID.SUS/TPK/2015/PN JKT.PST,1,ANDREW HIDAYAT
57/PID.SUS/TPK/2015/PN JKT.PST,1,"Dr. KURNIANTO AMIN, MM"
58/PID.SUS/TPK/2015/PN JKT.PST,1,Totot Fregattanto
59/PID.SUS/TPK/2015/PN JKT.PST,1,YUSHAN
60/PID.SUS/TPK/2015/PN JKT.PST,1,Yayus Rusyadi Sastra
61/PID.SUS/TPK/2015/PN JKT.PST,1,ARIEF SUSILA HADI
62/PID.SUS/TPK/2015/PN JKT.PST,1,I NYOMAN SARDJANA
63/PID.SUS/TPK/2015/PN JKT.PST,1,AHMAD YENDRA SATRIANA
64/PID.SUS/TPK/2015/PN JKT.PST,1,FAUZAN YUNAS
65/PID.SUS/TPK/2015/PN JKT.PST,1,SYAIFOEL ARIEF
66/PID.SUS/TPK/2015/PN JKT.PST,1,ENDY PURWANTO
67/PID.SUS/TPK/2015/PN JKT.PST,1,BARNABAS SUEBU
68/PID.SUS/TPK/2015/PN JKT.PST,1,"drh. CHAIDIR TAUFIK, M.Si"
29/PID.SUS/TPK/2015/PN JKT.PST,1,H. FUAD AMIN
30/PID.SUS/TPK/2015/PN JKT.PST,1,Agus Sudiarso
31/PID.SUS/TPK/2015/PN JKT.PST,1,INDRA PRIYATNA
32/PID.SUS/TPK/2015/PN JKT.PST,1,Wahyono Karno
33/PID.SUS/TPK/2015/PN JKT.PST,1,"Andi Syamsu Alam, BA"
34/PID.SUS/TPK/2015/PN JKT.PST,1,Willy Sebastian Lim
35/PID.SUS/TPK/2015/PN JKT.PST,1,GUNAWAN
36/PID.SUS/TPK/2015/PN JKT.PST,1,HASBI HASIBUAN
37/PID.SUS/TPK/2015/PN JKT.PST,1,"Gusti Ngurah Wirawan, ST"
38/PID.SUS/TPK/2015/PN JKT.PST,1,Ferdinand Rambing Dien
39/PID.SUS/TPK/2015/PN JKT.PST,1,Tri Hendro Surjatno
40/PID.SUS/TPK/2015/PN JKT.PST,1,Diman Cahyono
41/PID.SUS/TPK/2015/PN JKT.PST,1,Moch. Bihar Sakti Wibowo
42/PID.SUS/TPK/2015/PN JKT.PST,1,Sherman Rana Krishna
43/PID.SUS/TPK/2015/PN JKT.PST,1,H. Amru Bentara Siregar
44/PID.SUS/TPK/2015/PN JKT.PST,1,"R. DRAJAD ADHYAKSA, M.T."
45/PID.SUS/TPK/2015/PN JKT.PST,1,"Kamaru Zaman Budiyanto, ATT.II, M.Ap"
46/PID.SUS/TPK/2015/PN JKT.PST,1,Suroso Atmomartoyo
47/PID.SUS/TPK/2015/PN JKT.PST,1,"ALIMIN SOLA, SP."
48/PID.SUS/TPK/2015/PN JKT.PST,1,HIDAYAT ABDUL RACHMAN
9/PID.SUS/TPK/2015/PN JKT.PST,1,Ir. YOYO SULAEMAN
10/PID.SUS/TPK/2015/PN JKT.PST,1,ISKANDAR RASYID
11/PID.SUS/TPK/2015/PN JKT.PST,1,RAJA BONARAN SITUMEANG
12/PID.SUS/TPK/2015/PN JKT.PST,1,ANTONIUS BAMBANG DJATMIKO
13/PID.SUS/TPK/2015/PN JKT.PST,1,"MURJOKO BUDOYONO, SIK."
14/PID.SUS/TPK/2015/PN JKT.PST,1,"RACHMAT BASUKI, SKM.,MSC.PH"
15/PID.SUS/TPK/2015/PN JKT.PST,1,ZURMANETI
16/PID.SUS/TPK/2015/PN JKT.PST,1,"Ir. UDAR PRISTONO, MT."
17/PID.SUS/TPK/2015/PN JKT.PST,1,"Prof. Dr. Ir. PRAWOTO, MSAE"
18/PID.SUS/TPK/2015/PN JKT.PST,1,SUTAN BHATOEGANA
19/PID.SUS/TPK/2015/PN JKT.PST,1,NIMROD ESAU SIHOMBING
20/PID.SUS/TPK/2015/PN JKT.PST,1,Ir. TJUTJU RASMADI DJ
21/PID.SUS/TPK/2015/PN JKT.PST,1,Drs. H. THAIB ARMAIYN
22/PID.SUS/TPK/2015/PN JKT.PST,1,ABDUR ROUF
23/PID.SUS/TPK/2015/PN JKT.PST,1,GOLFRIED JUNI ANDAR
24/PID.SUS/TPK/2015/PN JKT.PST,1,"KASIYADI, S.Sos"
25/PID.SUS/TPK/2015/PN JKT.PST,1,SAMSUL BAHRI
26/PID.SUS/TPK/2015/PN JKT.PST,1,"ANI SA'ADAH, SH."
27/PID.SUS/TPK/2015/PN JKT.PST,1,Ir. WALUYO SUKARMAN
28/PID.SUS/TPK/2015/PN JKT.PST,1,"Ir. Agustinus Bambang Wisanggeni, MM"
109/PID.SUS/TPK/2014/PN JKT.PST,1,R. RINA LUCIANA SASMITAWIDJAYA
110/PID.SUS/TPK/2014/PN JKT.PST,1,"RAHMAN NIDI, SE.,M.Si"
111/PID.SUS/TPK/2014/PN JKT.PST,1,ROMI HERTON
111/PID.SUS/TPK/2014/PN JKT.PST,2,MASYITO
112/PID.SUS/TPK/2014/PN JKT.PST,1,MUHTAR EPENDY
113/PID.SUS/TPK/2014/PN JKT.PST,1,BINDU PANJAITAN
114/PID.SUS/TPK/2014/PN JKT.PST,1,"Brigjen Polisi DRS.DIDIK PURNOMO, M.Si"
115/PID.SUS/TPK/2014/PN JKT.PST,1,VERA ANGGRAENI
116/PID.SUS/TPK/2014/PN JKT.PST,1,GULAT MEDALI EMAS MANURUNG
118/PID.SUS/TPK/2014/PN JKT.PST,1,ARIF JAFAR
119/PID.SUS/TPK/2014/PN JKT.PST,1,"HISAR M PASARIBU, SP."
117/PID.SUS/TPK/2014/PN JKT.PST,1,MACHFUD SUROSO
120/PID.SUS/TPK/2014/PN JKT.PST,1,"DR.TUNGGUL PARNINGOTAN SIHOMBING, MHA"
1/PID.SUS/TPK/2015/PN JKT.PST,1,"Ir.HS. WIDIJANTO, MM"
1/PID.SUS/TPK/2015/PN JKT.PST,2,"FREDDY AFRIAL, ST."
2/PID.SUS/TPK/2015/PN JKT.PST,1,ANTON SUSANTO bin TONI SUSANTO
3/PID.SUS/TPK/2015/PN JKT.PST,1,"HADI, SP., MM. bin KANACI"
4/PID.SUS/TPK/2015/PN JKT.PST,1,"HENDRIYANSYAH, SE."
5/PID.SUS/TPK/2015/PN JKT.PST,1,FIRMANSYAH NOEH
6/PID.SUS/TPK/2015/PN JKT.PST,1,AMAR
7/PID.SUS/TPK/2015/PN JKT.PST,1,"RAFIDIN HAMUS Alias MUHAMAD RAFIDIN, SE.,MM."
8/PID.SUS/TPK/2015/PN JKT.PST,1,KWEE CAHYADI KUMALA alias SWIE TENG
90/PID.SUS/TPK/2014/PN JKT.PST,1,RAMADHANI ISMY
89/PID.SUS/TPK/2014/PN JKT.PST,1,Drs. SOLICHIN
91/PID.SUS/TPK/2014/PN JKT.PST,1,HARMAN RAJAGUKGUK BIN LODEWIJK RAJAGUKGUK
92/PID.SUS/TPK/2014/PN JKT.PST,1,"Drs. PRIYONO, M.KOM."
93/PID.SUS/TPK/2014/PN JKT.PST,1,ROBERT REJEKI SARAGIH
93/PID.SUS/TPK/2014/PN JKT.PST,2,LASIH SUTINGGAR BIN SUTINGGAR
95/PID.SUS/TPK/2014/PN JKT.PST,1,WINNY ERWINDIA
94/PID.SUS/TPK/2014/PN JKT.PST,1,MUHAMMAD IRFANDI
96/PID.SUS/TPK/2014/PN JKT.PST,1,SUHERMAN alias HERMAN
97/PID.SUS/TPK/2014/PN JKT.PST,1,"Ir. TONNY TAMPI, M.S., M.E."
98/PID.SUS/TPK/2014/PN JKT.PST,1,Ir. VICTOR H SIMATUPANG
99/PID.SUS/TPK/2014/PN JKT.PST,1,Ir. HADI WALUYO
99/PID.SUS/TPK/2014/PN JKT.PST,2,SUZYLOWATI SOETJIPTO
100/PID.SUS/TPK/2014/PN JKT.PST,1,"SETIYO TUHU, SE.,MM.Tr"
101/PID.SUS/TPK/2014/PN JKT.PST,1,"R. DRAJAD ADHYAKSA, M.T."
102/PID.SUS/TPK/2014/PN JKT.PST,1,"Drs. HARIYONO,AAAI-K bin WISNU SAMAIN;"
103/PID.SUS/TPK/2014/PN JKT.PST,1,"Drs. MARTHIN FITHERS SIMARMATA, MM."
104/PID.SUS/TPK/2014/PN JKT.PST,1,Ir. EKO BHARUNA
108/PID.SUS/TPK/2014/PN JKT.PST,1,MUHAMAD ALI SODIQIN
107/PID.SUS/TPK/2014/PN JKT.PST,1,"Ir. ERMA BUDYANTO, MS."
106/PID.SUS/TPK/2014/PN JKT.PST,1,MOCHAMAD SALEH
106/PID.SUS/TPK/2014/PN JKT.PST,2,DRH. AGUS CHANDRA RULLY
105/PID.SUS/TPK/2014/PN JKT.PST,1,UDHORO KASIH ANGGORO
72/PID.SUS/TPK/2014/PN.JKT.PST,1,YESAYA SOMBUK
71/PID.SUS/TPK/2014/PN.JKT.PST,1,AGUS IRWANTO
70/PID.SUS/TPK/2014/PN.JKT.PST,1,Ir. AZI NURZAMAN
69/PID.SUS/TPK/2014/PN.JKT.PST,1,"Drs. AGUNG WRADSONGKO, MP"
73/PID.SUS/TPK/2014/PN.JKT.PST,1,TEDDY RENYUT
78/PID.SUS/TPK/2014/PN.JKT.PST,1,"ALIMIN SOLA, SP."
79/PID.SUS/TPK/2014/PN.JKT.PST,1,"RIJAL ROIHAN, S.Ag.,M.A"
77/PID.SUS/TPK/2014/PN.JKT.PST,1,AMSAR SHEBA
75/PID.SUS/TPK/2014/PN.JKT.PST,1,YANUAR
76/PID.SUS/TPK/2014/PN.JKT.PST,1,HIDAYAT ABDUL RACHMAN
74/PID.SUS/TPK/2014/PN.JKT.PST,1,IKHSAN NUGRAHA
80/PID.SUS/TPK/2014/PN.JKT.PST,1,"Ir. SUGIYANTO, MM Bin KASIM ATMAWIJAYA"
81/PID.SUS/TPK/2014/PN.JKT.PST,1,"ZAENAL FAHMI, SE"
84/PID.SUS/TPK/2014/PN.JKT.PST,1,SAIFUL BAHRI
83/PID.SUS/TPK/2014/PN.JKT.PST,1,EDDY S.Sos
82/PID.SUS/TPK/2014/PN.JKT.PST,1,Ir. WB. DIDIT HANINDIPTO bin M. MOERADI
85/PID.SUS/TPK/2014/PN.JKT.PST,1,"KARTONO, SH."
86/PID.SUS/TPK/2014/PN.JKT.PST,1,HERU SULAKSONO
87/PID.SUS/TPK/2014/PN.JKT.PST,1,ARTHA MERIS SIMBOLON
88/PID.SUS/TPK/2014/PN.JKT.PST,1,RIEFAN AVRIAN
48/PID.SUS/TPK/2014/PN.JKT.PST,1,SAUDAH
50/PID.SUS/TPK/2014/PN.JKT.PST,1,FAHMI SADIQ bin SADIQ
51/PID.SUS/TPK/2014/PN.JKT.PST,1,SUHENDA
52/PID.SUS/TPK/2014/PN.JKT.PST,1,EFFENDY HUTAGALUNG
54/PID.SUS/TPK/2014/PN.JKT.PST,1,MIRMA FADJARWATI MALIK
53/PID.SUS/TPK/2014/PN.JKT.PST,1,YOGI PARYANA SUTEDJO Bin SUTEDJO
55/PID.SUS/TPK/2014/PN.JKT.PST,1,ANNAS URBANINGRUM
56/PID.SUS/TPK/2014/PN.JKT.PST,1,IDA BAGUS MADE JAYA MARTHA
57/PID.SUS/TPK/2014/PN.JKT.PST,1,HERRY LIWOTO Alias HERRY Bin BASUKI RAHMAT
58/PID.SUS/TPK/2014/PN.JKT.PST,1,HENDRIANUS LANGEN PROJO
59/PID.SUS/TPK/2014/PN.JKT.PST,1,NAJAMUDDIN UMAR
59/PID.SUS/TPK/2014/PN.JKT.PST,2,DRA. RATNAWATI alias ITA
60/PID.SUS/TPK/2014/PN.JKT.PST,1,Ir. FAHKRURRAZI
63/PID.SUS/TPK/2014/PN.JKT.PST,1,ILHAMSYAH JOENOES
64/PID.SUS/TPK/2014/PN.JKT.PST,1,Drs. SYAHRUL RAJA SEMPURNAJAYA
61/PID.SUS/TPK/2014/PN.JKT.PST,1,ADI RACHMANTO
62/PID.SUS/TPK/2014/PN.JKT.PST,1,HENRY JOSEPH MARATHON
65/PID.SUS/TPK/2014/PN.JKT.PST,1,TAFSIR NURCHAMID
67/PID.SUS/TPK/2014/PN.JKT.PST,1,KOMARIAH
66/PID.SUS/TPK/2014/PN.JKT.PST,1,SALAMUN
68/PID.SUS/TPK/2014/PN.JKT.PST,1,AL JONA AL KAUTSAR
29/PID.SUS/TPK/2014/PN JKT.PST,1,TOGAR SIANIPAR
30/PID.SUS/TPK/2014/PN.JKT.PST,1,TEUKU BAGUS MOKHAMAD NOOR
32/PID.SUS/TPK/2014/PN JKT.PST,1,ARYADI
33/PID.SUS/TPK/2014/PN.JKT.PST,1,"Ir. LUBIS LATIEF, Msi."
34/PID.SUS/TPK/2014/PN.JKT.PST,1,YOLLANDA
31/PID.SUS/TPK/2014/PN.JKT.PST,1,YUSMAN PASARIBU
35/PID.SUS/TPK/2014/PN JKT.PST,1,Ir. EKO BHARUNA
36/PID.SUS/TPK/2014/PN.JKT.PST,1,HENDRA SAPUTRA
37/PID.SUS/TPK/2014/PN.JKT.PST,1,MARUHUM GULTOM
38/PID.SUS/TPK/2014/PN.JKT.PST,1,"Drs. DIAN PURFANTO, Msi."
39/PID.SUS/TPK/2014/PN.JKT.PST,1,ANGGORO WIDJOJO
40/PID.SUS/TPK/2014/PN.JKT.PST,1,HARTATY SUHERMAN alias JEANE
41/PID.SUS/TPK/2014/PN.JKT.PST,1,HERRON DOLF ANTON
42/PID.SUS/TPK/2014/PN.JKT.PST,1,TJASIH HERLITASARI
43/PID.SUS/TPK/2014/PN.JKT.PST,1,NURWIJAYANTI
46/PID.SUS/TPK/2014/PN.JKT.PST,1,EFI SUPRIYATI
47/PID.SUS/TPK/2014/PN.JKT.PST,1,Drs. HERI ISMUWARDANA
44/PID.SUS/TPK/2014/PN JKT.PST,1,HJ. RATU ATUT CHOSIYAH
45/PID.SUS/TPK/2014/PN.JKT.PST,1,YAYAT SETIA
49/PID.SUS/TPK/2014/PN.JKT.PST,1,ROSIDAH SRI BUNTARI
15/PID.SUS/TPK/2014/PN.JKT.PST,1,Dr. Ir. NIZWAR SYAFAAT
11/PID.SUS/TPK/2014/PN.JKT.PST,1,"IR. KAHARUDIN, MM."
12/PID.SUS/TPK/2014/PN.JKT.PST,1,"Ir. YOHANES MARYADI PADYAATMAJA, MM."
13/PID.SUS/TPK/2014/PN.JKT.PST,1,"Drs. H.M. RACHMAT, SH. MBA."
14/PID.SUS/TPK/2014/PN.JKT.PST,1,EDDY BUDIONO S.
9/PID.SUS/TPK/2014/PN.JKT.PST,1,"DR. Drs. AFFANDI MOCHTAR, MA."
10/PID.SUS/TPK/2014/PN.JKT.PST,1,M. AKIL MOCHTAR
16/PID.SUS/TPK/2014/PN.JKT.PST,1,TUBAGUS CHAERI WARDANA CHASAN alias  WAWAN
17/PID.SUS/TPK/2014/PN.JKT.PST,1,SUSI TUR ANDAYANI alias UCI
20/PID.SUS/TPK/2014/PN.JKT.PST,1,"TEMA YULIMAN, SE."
21/PID.SUS/TPK/2014/PN.JKT.PST,1,BUDI MULYA
19/PID.SUS/TPK/2014/PN.JKT.PST,1,NEDI SUNARTO
18/PID.SUS/TPK/2014/PN.JKT.PST,1,HILMAN MUNAF
22/PID.SUS/TPK/2014/PN.JKT.PST,1,MARIA ELIZABETH LIMAN
23/PID.SUS/TPK/2014/PN.JKT.PST,1,ANDI ALFIAN MALLARANGENG
24/PID.SUS/TPK/2014/PN.JKT.PST,1,SUDJADNAN PARNOHADININGRAT
25/PID.SUS/TPK/2014/PN.JKT.PST,1,"UCOK BANGSAWAN HARAHAP, SE. Msi"
26/PID.SUS/TPK/2014/PN JKT.PST,1,Ir. HERU SULASTYONO alias HERU bin KUNCORO
27/PID.SUS/TPK/2014/PN.JKT.PST,1,YUSRAN ARIEF
28/PID.SUS/TPK/2014/PN JKT.PST,1,TONNY SIMANJUNTAK
75/PID.SUS/TPK/2013/PN JKT.PST,1,Ir. HARI BUDIANTO
74/PID.SUS/TPK/2013/PN JKT.PST,1,IFIANTARA SEPTRIMAN NASUTION alias DUDUT
78/PID.SUS/TPK/2013/PN JKT.PST,1,"SUTRISNO, S.P.,M.Hum."
77/PID.SUS/TPK/2013/PN JKT.PST,1,"MAHFUDI HUSODO, STP."
76/PID.SUS/TPK/2013/PN JKT.PST,1,TUSIWAN FARIANTO Bin REBAN KARYA WIGUNA
79/PID.SUS/TPK/2013/PN JKT.PST,1,"IMELDA, ST."
80/PID.SUS/TPK/2013/PN JKT.PST,1,AHMAD JAUHARI
83/PID.SUS/TPK/2013/PN JKT.PST,1,"SARAH LALLO, SE.,M.Si"
82/PID.SUS/TPK/2013/PN JKT.PST,1,HAMBIT BINTIH
82/PID.SUS/TPK/2013/PN JKT.PST,2,CORNELIS NALAU ANTUN
81/PID.SUS/TPK/2013/PN JKT.PST,1,Hj. CHAIRUNNISA
84/PID.SUS/TPK/2013/PN JKT.PST,1,DEVIARDI
85/PID.SUS/TPK/2013/PN JKT.PST,1,RUDI RUBIANDINI
1/PID.SUS/TPK/2014/PN.JKT.PST,1,FANDA FADLY LUBIS
2/PID.SUS/TPK/2014/PN.JKT.PST,1,ZAITUL AKMAM alias IMAM
3/PID.SUS/TPK/2014/PN.JKT.PST,1,ARIFIN AHMAD
4/PID.SUS/TPK/2014/PN.JKT.PST,1,"Dr. Drs. FIRDAUS BASUNI, Mpd. Bin BASUNI ZAKARIA"
5/PID.SUS/TPK/2014/PN.JKT.PST,1,ADNOES RIANTO KESUMA
6/PID.SUS/TPK/2014/PN.JKT.PST,1,Dra. DENOK TAVIPERIANA
7/PID.SUS/TPK/2014/PN.JKT.PST,1,TOTOK HENDRIYATNO
8/PID.SUS/TPK/2014/PN.JKT.PST,1,IMANUEL ROBERT NAJOAN Alias BERTHY
54/PID.SUS/TPK/2013/PN JKT.PST,1,MUHAMMAD DIAN IRWAN NUQISRA
54/PID.SUS/TPK/2013/PN JKT.PST,2,"EKO DARMAYANTO, SE."
55/PID.SUS/TPK/2013/PN JKT.PST,1,ZARYANA RAIT
55/PID.SUS/TPK/2013/PN JKT.PST,2,RIRIN WIBISONO
57/PID.SUS/TPK/2013/PN JKT.PST,1,DJODI SUPRATMAN
56/PID.SUS/TPK/2013/PN JKT.PST,1,MARIO CORNELIO BERNARDO
59/PID.SUS/TPK/2013/PN JKT.PST,1,LUKMAN HAKIM KARTASASMITA
58/PID.SUS/TPK/2013/PN JKT.PST,1,ROBERT JEFFREY LUMEMPOUW
61/PID.SUS/TPK/2013/PN JKT.PST,1,ITMAN HARRY BASUKI
60/PID.SUS/TPK/2013/PN JKT.PST,1,TOTOK LESTIYO
62/PID.SUS/TPK/2013/PN JKT.PST,1,"Drs. DEDDY KUSDINAR, MPd"
63/PID.SUS/TPK/2013/PN JKT.PST,1,SIMON GUNAWAN TANJAYA
64/PID.SUS/TPK/2013/PN JKT.PST,1,"WARDI, S.Ip"
65/PID.SUS/TPK/2013/PN JKT.PST,1,dr. HAKIM MAULANA SIREGAR
66/PID.SUS/TPK/2013/PN JKT.PST,1,IZEDRIK EMIR MOEIS
67/PID.SUS/TPK/2013/PN JKT.PST,1,R. BASUKI WISMANTORO
71/PID.SUS/TPK/2013/PN JKT.PST,1,JONAIDI SYAHRI
71/PID.SUS/TPK/2013/PN JKT.PST,2,MUCHLIS TOHIR
70/PID.SUS/TPK/2013/PN JKT.PST,1,SOTER SIJABAT
69/PID.SUS/TPK/2013/PN JKT.PST,1,MURSALIM MUHAIYANG
69/PID.SUS/TPK/2013/PN JKT.PST,2,SUSILO BUDI RIYANTO
68/PID.SUS/TPK/2013/PN JKT.PST,1,HOSPITA CH. SINAGA
68/PID.SUS/TPK/2013/PN JKT.PST,2,RAFAEL PAHOTANI
72/PID.SUS/TPK/2013/PN JKT.PST,1,HARIS ANDI SURAHMAN alias HARIS SURAHMAN MANAB
73/PID.SUS/TPK/2013/PN JKT.PST,1,DRS. R. HENDARKO HUDOYO
73/PID.SUS/TPK/2013/PN JKT.PST,2,H.M. ASEP KUSNAN alias KUSNAN
34/PID.SUS/TPK/2013/PN.JKT.PST,1,BACHTIAR ABDUL FATAH
35/PID.SUS/TPK/2013/PN.JKT.PST,1,ZULVIA
36/PID.SUS/TPK/2013/PN.JKT.PST,1,MOHAMMAD SOFYAN als H. ANDY SOFYAN LAKKI
37/PID.SUS/TPK/2013/PN.JKT.PST,1,"SYAMSUL BAHRI, SKM, M.Kes."
38/PID.SUS/TPK/2013/PN.JKT.PST,1,LUTHFI HASAN ISHAAQ
39/PID.SUS/TPK/2013/PN.JKT.PST,1,AHMAD FATHANAH Als. OLONG
40/PID.SUS/TPK/2013/PN.JKT.PST,1,"WALMAN SIMANJUNTAK, SH.,MM."
41/PID.SUS/TPK/2013/PN.JKT.PST,1,DR. GANI ABDUL GANI
42/PID.SUS/TPK/2013/PN.JKT.PST,1,drg. HENDRO HARRY TJAHYONO
43/PID.SUS/TPK/2013/PN.JKT.PST,1,"DRS. ZULKARNAIN KASIM,SKM.,MBA"
44/PID.SUS/TPK/2013/PN.JKT.PST,1,PARGONO RIYADI
45/PID.SUS/TPK/2013/PN.JKT.PST,1,SUZY NATARAHARDJA
47/PID.SUS/TPK/2013/PN.JKT.PST,1,EFFENDY KOMALA
47/PID.SUS/TPK/2013/PN.JKT.PST,2,TEDDY MULIAWAN
46/PID.SUS/TPK/2013/PN.JKT.PST,1,DIAH SOEMEDI
48/PID.SUS/TPK/2013/PN.JKT.PST,1,BUDI SUSANTO
49/PID.SUS/TPK/2013/PN.JKT.PST,1,Drs. UMAR RUKHYAT
52/PID.SUS/TPK/2013/PN JKT.PST,1,Dra. PUDJI HASTUTI
50/PID.SUS/TPK/2013/PN JKT.PST,1,"SULAIMAN,SE bin MUSA"
51/PID.SUS/TPK/2013/PN JKT.PST,1,"H. AMAT SUKUR, S.Sos"
53/PID.SUS/TPK/2013/PN JKT.PST,1,ABDUL LATIEF
12/PID.SUS/TPK/2013/PN.JKT.PST,1,EDDY DARMAWAN
11/PID.SUS/TPK/2013/PN.JKT.PST,1,SOFYAN SIDI UMAR
10/PID.SUS/TPK/2013/PN.JKT.PST,1,"Ir. OPI SOFYAN SURYADI, MM"
19/PID.SUS/TPK/2013/PN.JKT.PST,1,ARYA ABDI EFFENDI
19/PID.SUS/TPK/2013/PN.JKT.PST,2,"H, JUARD EFFENDI"
18/PID.SUS/TPK/2013/PN.JKT.PST,1,Ir. AGUS WIDIYARTO
17/PID.SUS/TPK/2013/PN.JKT.PST,1,MAWARDI RAHMAN
20/PID.SUS/TPK/2013/PN.JKT.PST,1,"DJOKO SUSILO, SH.,M.Si"
21/PID.SUS/TPK/2013/PN.JKT.PST,1,"HENDRIK W.K. PANGARIBUAN, SE."
23/PID.SUS/TPK/2013/PN.JKT.PST,1,Ir. THOMAS PATRIA
22/PID.SUS/TPK/2013/PN.JKT.PST,1,"Dr. MULYA A. HASTMY, SP.B,M.Kes"
25/PID.SUS/TPK/2013/PN.JKT.PST,1,HERMANTO TULUS WIDODO
24/PID.SUS/TPK/2013/PN.JKT.PST,1,KUWAT
27/PID.SUS/TPK/2013/PN.JKT.PST,1,"Ir. EDY MOH. SUHARIADI, M.MT."
26/PID.SUS/TPK/2013/PN.JKT.PST,1,"HASYIM, S.Sos"
29/PID.SUS/TPK/2013/PN.JKT.PST,1,"Dr. Hj. RATNA DEWI UMAR, M.Kes"
28/PID.SUS/TPK/2013/PN.JKT.PST,1,EDDY KRISTIYANTO PRAYITNO
33/PID.SUS/TPK/2013/PN.JKT.PST,1,ABBAS BARADJA
32/PID.SUS/TPK/2013/PN.JKT.PST,1,SELVIANA WANNA
31/PID.SUS/TPK/2013/PN.JKT.PST,1,DEVI SARAH binti AGUS BAKRI
30/PID.SUS/TPK/2013/PN.JKT.PST,1,NURDIANA
00079/PID.B/TPKOR/2012/PN.JKT.PST,1,AMIN SALEH
80/PID.SUS/TPK/2012/PN.JKT.PST,1,ACHMAD SJARIFUDDIN ALSAH
00081/PID.B/TPKOR/2012/PN.JKT.PST,1,HERLAND BIN OMPO
00082/PID.B/TPKOR/2012/PN.JKT.PST,1,WIDODO
00083/PID.B/TPKOR/2012/PN.JKT.PST,1,ENDAH RUMBIYANTI
00084/PID.B/TPKOR/2012/PN.JKT.PST,1,KUKUH KERTASAFARI BIN HASANUDIN
00085/PID.B/TPKOR/2012/PN.JKT.PST,1,RICKSY PREMATURY
1/PID.SUS/TPK/2013/PN.JKT.PST,1,INDAR ATMANTO
3/PID.SUS/TPK/2013/PN.JKT.PST,1,FAKHRUDDIN
2/PID.SUS/TPK/2013/PN.JKT.PST,1,TRI MULYONO
4/PID.SUS/TPK/2013/PN JKT.PST,1,ZULKARNAEN DJABAR
4/PID.SUS/TPK/2013/PN JKT.PST,2,DENDY PRASETIA ZULKARNAEN PUTRA
5/PID.SUS/TPK/2013/PN.JKT.PST,1,HANSEN
6/PID.SUS/TPK/2013/PN.JKT.PST,1,SUSILO PRAYITNO
7/PID.SUS/TPK/2013/PN.JKT.PST,1,ARIANTO
8/PID.SUS/TPK/2013/PN.JKT.PST,1,SUKOYONO
9/PID.SUS/TPK/2013/PN.JKT.PST,1,ARIZAL ANAS
16/PID.SUS/TPK/2013/PN.JKT.PST,1,PARTONO
15/PID.SUS/TPK/2013/PN.JKT.PST,1,"R. RHEVI INDRASTORO, ST."
14/PID.SUS/TPK/2013/PN.JKT.PST,1,UCOK RONY SITORUS
13/PID.SUS/TPK/2013/PN.JKT.PST,1,DARMAWAN SUTANTO
00058/PID.B/TPKOR/2012/PN.JKT.PST,1,MOERWANTO SOEPRAPTO
00059/PID.B/TPKOR/2012/PN.JKT.PST,1,JACOB PURWONO
00059/PID.B/TPKOR/2012/PN.JKT.PST,2,KOSASIH ABBAS
00060/PID.B/TPKOR/2012/PN.JKT.PST,1,JOHNY BASUKI
00061/PID.B/TPKOR/2012/PN.JKT.PST,1,HERLY ISDIHARSONO
00063/PID.B/TPKOR/2012/PN.JKT.PST,1,HAERU DAROJAT
00062/PID.B/TPKOR/2012/PN.JKT.PST,1,FAHD EL FOUZ ALIAS FADH A. RAFIQ
00064/PID.B/TPKOR/2012/PN.JKT.PST,1,AMRAN ABDULLAH BATALIPU
00065/PID.B/TPKOR/2012/PN.JKT.PST,1,TOMMY HINDRATNO
00066/PID.B/TPKOR/2012/PN.JKT.PST,1,SYOFRIGO
00066/PID.B/TPKOR/2012/PN.JKT.PST,2,MOHAMAD FAJAR JUANEDI
00067/PID.B/TPKOR/2012/PN.JKT.PST,1,RIZA NOOR KARIM
00068/PID.B/TPKOR/2012/PN.JKT.PST,1,NENENG SRI WAHYUNI
00069/PID.B/TPKOR/2012/PN.JKT.PST,1,MOHAMAD HASAN BIN KHUSI MOHAMAD
00069/PID.B/TPKOR/2012/PN.JKT.PST,2,R. AZMI BIN MOJAMAD YUSOF
00070/PID.B/TPKOR/2012/PN.JKT.PST,1,DJUNAEDI
72/PID.B/TPKOR/2012/PN JKT.PST,1,HENDRO TIRTAJAYA
00071/PID.B/TPKOR/2012/PN.JKT.PST,1,ANDRI FERNANDO
00071/PID.B/TPKOR/2012/PN.JKT.PST,2,ARIEF BUDI HARYANTO
00071/PID.B/TPKOR/2012/PN.JKT.PST,3,SUTARNA
00073/PID.B/TPKOR/2012/PN.JKT.PST,1,RADEN MAS ENDE DEZEANTO ALIAS ENDE
00074/PID.B/TPKOR/2012/PN.JKT.PST,1,TRENGGANA SOETARYO ALIAS JOHAN
00075/PID.B/TPKOR/2012/PN.JKT.PST,1,DEDE PRIHANTONO
76/PID.SUS/TPK/2012/PN.,1,SITI HARTATI MURDAYA
78/PID.SUS/TPK/2012/PN.JKT.PST,1,MICHAEL SURYA GUNAWAN
00038/PID.B/TPKOR/2012/PN.JKT.PST,1,UMAR ZEN
00039/PID.B/TPKOR/2012/PN.JKT.PST,1,MIRANDA SWARAY GOELTOM
00040/PID.B/TPKOR/2012/PN.JKT.PST,1,SUNARDI
00041/PID.B/TPKOR/2012/PN.JKT.PST,1,MURDOKO
00042/PID.B/TPKOR/2012/PN.JKT.PST,1,RUSTAM SYARIFUDDIN PAKAYA
00045/PID.B/TPKOR/2012/PN.JKT.PST,1,"ATHOUF IBNU TAMA, SH, MH"
43/PID.SUS/TPK/2012/PN.,1,HENDRO WIRATMOKO
44/PID.SUS/TPK/2012/PN.,1,BANU ANWARI
00047/PID.B/TPKOR/2012/PN.JKT.PST,1,MUHAMMAD IBRAHIM
00046/PID.B/TPKOR/2012/PN.JKT.PST,1,"ABDURRAHMAN, ST BIN BUYUNG"
49/PID.B/TPK/2012/PN JKT.PST,1,SELAMAT PARASIAN SIAGIAN
00050/PID.B/TPKOR/2012/PN.JKT.PST,1,SUDIRMAN ISHAKA
00048/PID.B/TPKOR/2012/PN.JKT.PST,1,JAMES GUNARYO BUDIRAHARJO ALIAS JIMY
00051/PID.B/TPKOR/2012/PN.JKT.PST,1,LIM WENDRA HALINGKAR
00052/PID.B/TPKOR/2012/PN.JKT.PST,1,GONDO SUDJONO NOTOHADI SUSILO
00053/PID.B/TPKOR/2012/PN.JKT.PST,1,YANI ANSORI
00054/PID.B/TPKOR/2012/PN.JKT.PST,1,ANGELINA PATRICIA PINKAN SONDAKH
00055/PID.B/TPKOR/2012/PN.JKT.PST,1,BUDIJANTO KURNIAWAN ALIAS SETIA BUDHI HARTONO
00056/PID.B/TPKOR/2012/PN.JKT.PST,1,FIRMAN
00057/PID.B/TPKOR/2012/PN.JKT.PST,1,SALMAN MAGHFIRON
00018/PID.B/TPKOR/2012/PN.JKT.PST,1,CHRISNAWAN TRIWAHYUARDHIANTO
00019/PID.B/TPKOR/2012/PN.JKT.PST,1,PROLIE RUSDEKAWATI
00020/PID.B/TPKOR/2012/PN.JKT.PST,1,RIDWANI
21/PID.SUS/TPK/2012/PN.,1,HELFIZAR  PURBA
23/PID.B/TPKOR/2012/PN JKT.PST,1,"DIAN SISWANTO, SE.,MM."
22/PID.B/TPK/2012/PN JKT.PST,1,BRAHMANTYO IRAWAN KUHANDOKO
22/PID.B/TPK/2012/PN JKT.PST,2,ACHMAD FACHRIE
00024/PID.B/TPKOR/2012/PN.JKT.PST,1,SURUNG HASIHOLAN SIMANJUNTAK
00025/PID.B/TPKOR/2012/PN.JKT.PST,1,EDIMAN SIMANJUNTAK
00026/PID.B/TPKOR/2012/PN.JKT.PST,1,SIAM SUBAGYO
00026/PID.B/TPKOR/2012/PN.JKT.PST,2,IRMANTO ZAMAHRIR GANIN
00027/PID.B/TPKOR/2012/PN.JKT.PST,1,BAHAR
00027/PID.B/TPKOR/2012/PN.JKT.PST,2,PULUNG SUKARNO
00028/PID.B/TPKOR/2012/PN.JKT.PST,1,WILSON SIMATUPANG
00029/PID.B/TPKOR/2012/PN.JKT.PST,1,H. SOEMARMO HADI SAPUTRO
00030/PID.B/TPKOR/2012/PN.JKT.PST,1,WA ODE NURHAYATI
00031/PID.B/TPKOR/2012/PN.JKT.PST,1,T. HELMY AZWARI
00032/PID.B/TPKOR/2012/PN.JKT.PST,1,ERVAN FAJAR MANDALA
00035/PID.B/TPKOR/2012/PN.JKT.PST,1,DHANA WIDYATMIKA
37/PID.B/TPK/2012/PN JKT.PST,1,MARKUS SURYAWAN
37/PID.B/TPK/2012/PN JKT.PST,2,BENNY ANDREAS SITUMORANG
33/PID.SUS/TPK/2012/PN.,1,ERWIN PAMAN
33/PID.SUS/TPK/2012/PN.,2,ALI AMRA
00034/PID.B/TPKOR/2012/PN.JKT.PST,1,TONY SUDJIARTO
00036/PID.B/TPKOR/2012/PN.JKT.PST,1,HOTASI D. P. NABABAN
00076/PID.B/TPKOR/2011/PN.JKT.PST,1,TARIDA SONDANG PANGARIBUAN
00077/PID.B/TPKOR/2011/PN.JKT.PST,1,DAUD ASWAN NASUTION
78/PID.SUS/TPK/2011/PN.,1,ILHAM MARTUA HARAHAP
00001/PID.B/TPKOR/2012/PN.JKT.PST,1,SUMUDI KARTONO
00002/PID.B/TPKOR/2012/PN.JKT.PST,1,BAMBANG TURYONO
00003/PID.B/TPKOR/2012/PN.JKT.PST,1,SARDJONO
00004/PID.B/TPKOR/2012/PN.JKT.PST,1,ROHMATULLOH
00005/PID.B/TPKOR/2012/PN.JKT.PST,1,ANANG SUSANTO
00006/PID.B/TPKOR/2012/PN.JKT.PST,1,MUNADI SUBRATA
00007/PID.B/TPKOR/2012/PN.JKT.PST,1,MUHAMMMAD NAGUIB
00008/PID.B/TPKOR/2012/PN.JKT.PST,1,MULYA A. HASJMI
00009/PID.B/TPKOR/2012/PN.JKT.PST,1,HASNAWATI
00010/PID.B/TPKOR/2012/PN.JKT.PST,1,RENE SETYAWAN
11/PID.SUS/TPK/2012/PN.,1,ZULFAN LUBIS
00012/PID.B/TPKOR/2012/PN.JKT.PST,1,YUSUP
00013/PID.B/TPKOR/2012/PN.JKT.PST,1,NUNUN NURBATIE
00014/PID.B/TPKOR/2012/PN.JKT.PST,1,DIDING SUDIRMAN
00015/PID.B/TPKOR/2012/PN.JKT.PST,1,WATONO
00016/PID.B/TPKOR/2012/PN.JKT.PST,1,ITA MEGASARI DACHLAN
00017/PID.B/TPKOR/2012/PN.JKT.PST,1,MAMAN SUWARMAN
00056/PID.B/TPKOR/2011/PN.JKT.PST,1,YOS RAUKE
00057/PID.B/TPKOR/2011/PN.JKT.PST,1,ABDUL RACHMAN ANDIT
00058/PID.B/TPKOR/2011/PN.JKT.PST,1,RIDWAN SANJAYA
00059/PID.B/TPKOR/2011/PN.JKT.PST,1,RACHMAN HAKIM
00060/PID.B/TPKOR/2011/PN.JKT.PST,1,FUHUWUSA LAIA
00061/PID.B/TPKOR/2011/PN.JKT.PST,1,IJON PURBA
00062/PID.B/TPKOR/2011/PN.JKT.PST,1,AHMAD SUMARDI
00063/PID.B/TPKOR/2011/PN.JKT.PST,1,TOGAR SITOMPUL
00064/PID.B/TPKOR/2011/PN.JKT.PST,1,ULI TIHAR MANURUNG
00065/PID.B/TPKOR/2011/PN.JKT.PST,1,DARNAWATI ALIAS NANA
00066/PID.B/TPKOR/2011/PN.JKT.PST,1,I NYOMAN SUISNAYA
00067/PID.B/TPKOR/2011/PN.JKT.PST,1,DADONG IRBARELAWAN
00068/PID.B/TPKOR/2011/PN.JKT.PST,1,MAYA LAKSMINI
00069/PID.B/TPKOR/2011/PN.JKT.PST,1,MUHAMMAD NAZARUDDIN
00070/PID.B/TPKOR/2011/PN.JKT.PST,1,ENDRO LAKSONO
00071/PID.B/TPKOR/2011/PN.JKT.PST,1,R. DHARANA HERLAMBANG PARIKESIT
00072/PID.B/TPKOR/2011/PN.JKT.PST,1,JOHNY WIDJAJA
00073/PID.B/TPKOR/2011/PN.JKT.PST,1,ACHMAD RIVAI
00074/PID.B/TPKOR/2011/PN.JKT.PST,1,HERMAN FELANI
00075/PID.B/TPKOR/2011/PN.JKT.PST,1,H. MURMAN EFFENDI
00036/PID.B/TPKOR/2011/PN.JKT.PST,1,YAZUAR MUBAROK
00037/PID.B/TPKOR/2011/PN.JKT.PST,1,EDDIE WIDIONO SUWONDHO
00038/PID.B/TPKOR/2011/PN.JKT.PST,1,SOEMINO EKO SAPUTRO
00039/PID.B/TPKOR/2011/PN.JKT.PST,1,PUGUH WIRAWAN
00040/PID.B/TPKOR/2011/PN.JKT.PST,1,GEOVANNI GANDOLFI
00041/PID.B/TPKOR/2011/PN.JKT.PST,1,AGUS IMAM SUBEGJO
42/PID.SUS/TPK/2011/PN.,1,AL AZHAR
00043/PID.B/TPKOR/2011/PN.JKT.PST,1,JOKO SUTRISNO
00044/PID.B/TPKOR/2011/PN.JKT.PST,1,SUSILOWATI
00045/PID.B/TPKOR/2011/PN.JKT.PST,1,ERFAN SUHARTANTO
00046/PID.B/TPKOR/2011/PN.JKT.PST,1,SUKO WIYANTO
00047/PID.B/TPKOR/2011/PN.JKT.PST,1,HARI SABARNO
00048/PID.B/TPKOR/2011/PN.JKT.PST,1,WAFID MUHARAM
00049/PID.B/TPKOR/2011/PN.JKT.PST,1,AMRUN DAULAY
00050/PID.B/TPKOR/2011/PN.JKT.PST,1,H. SOFYAN USMAN
00051/PID.B/TPKOR/2011/PN.JKT.PST,1,NOVIAR HADI
00052/PID.B/TPKOR/2011/PN.JKT.PST,1,TIMAS GINTING
00053/PID.B/TPKOR/2011/PN.JKT.PST,1,YUSRIZAL
00054/PID.B/TPKOR/2011/PN.JKT.PST,1,SYARIFUDDIN
00055/PID.B/TPKOR/2011/PN.JKT.PST,1,FADIL KURNIAWAN
00016/PID.B/TPKOR/2011/PN.JKT.PST,1,AHMAD HAAZ ZAMAWI
00016/PID.B/TPKOR/2011/PN.JKT.PST,2,MARTHIN BRIA SERAN
00016/PID.B/TPKOR/2011/PN.JKT.PST,3,PASKAH SUZETTA
00016/PID.B/TPKOR/2011/PN.JKT.PST,4,BOBBY SATRIO HARDIWIBOWO SUHARDIMAN
00016/PID.B/TPKOR/2011/PN.JKT.PST,5,ANTHONY ZEIDRA ABIDIN
00017/PID.B/TPKOR/2011/PN.JKT.PST,1,DANIAL TANDJUNG
00017/PID.B/TPKOR/2011/PN.JKT.PST,2,SOFYAN USMAN
00018/PID.B/TPKOR/2011/PN.JKT.PST,1,NILUH MARIANI TIRTASARI
00018/PID.B/TPKOR/2011/PN.JKT.PST,2,SOETANTO PRANOTO
00018/PID.B/TPKOR/2011/PN.JKT.PST,3,SOEWARNO
00018/PID.B/TPKOR/2011/PN.JKT.PST,4,MATHOES PERMOS
00019/PID.B/TPKOR/2011/PN.JKT.PST,1,PANDA NABABAN
00019/PID.B/TPKOR/2011/PN.JKT.PST,2,ENGELINA PATTIASINA
00019/PID.B/TPKOR/2011/PN.JKT.PST,3,IQBAL
00019/PID.B/TPKOR/2011/PN.JKT.PST,4,BUDININGSIH
00020/PID.B/TPKOR/2011/PN.JKT.PST,1,ARIS PRANATA
00021/PID.B/TPKOR/2011/PN.JKT.PST,1,KUSNAN MARTONO
00022/PID.B/TPKOR/2011/PN.JKT.PST,1,MARLAN ARIEF
00023/PID.B/TPKOR/2011/PN.JKT.PST,1,SOETODJO YUWONO
00024/PID.B/TPKOR/2011/PN.JKT.PST,1,CIRUS SINAGA
00025/PID.B/TPKOR/2011/PN.JKT.PST,1,SUPARMAN
00026/PID.B/TPKOR/2011/PN.JKT.PST,1,ABU BAKAR BAAY
00027/PID.B/TPKOR/2011/PN.JKT.PST,1,BAMBANG HERU ISMIARSO
00028/PID.B/TPKOR/2011/PN.JKT.PST,1,ROBERTO SANTONIUS
00029/PID.B/TPKOR/2011/PN.JKT.PST,1,ADE JANUWATI
00030/PID.B/TPKOR/2011/PN.JKT.PST,1,BOYKE ARIE PALEVI
00031/PID.B/TPKOR/2011/PN.JKT.PST,1,MOHAMAD EL IDRIS
00032/PID.B/TPKOR/2011/PN.JKT.PST,1,MIEKE HENRIETT BAMBANG
00033/PID.B/TPKOR/2011/PN.JKT.PST,1,MINDO ROSALINA MANULLANG
00034/PID.B/TPKOR/2011/PN.JKT.PST,1,GAYUS HALOMOAN PARTAHANAN TAMBUNAN
00035/PID.B/TPKOR/2011/PN.JKT.PST,1,MUHAMMAD KAFRAWI
00030/PID.B/TPKOR/2010/PN.JKT.PST,1,SJAFII AHMAD
00031/PID.B/TPKOR/2010/PN.JKT.PST,1,BACHTIAR CHAMSYAH
00032/PID.B/TPKOR/2010/PN.JKT.PST,1,WANDOJO SISWANTO
00033/PID.B/TPKOR/2010/PN.JKT.PST,1,DARNA DACHLAN
00034/PID.B/TPKOR/2010/PN.JKT.PST,1,JEFFERSON SOLEIMAN MONTESQIEU RUMAJAR
00001/PID.B/TPKOR/2011/PN.JKT.PST,1,MIEKE HENRIETT BAMBANG
00002/PID.B/TPKOR/2011/PN.JKT.PST,1,ENDANG ABDULLAH K
00003/PID.B/TPKOR/2011/PN.JKT.PST,1,CEP RUHYAT
00004/PID.B/TPKOR/2011/PN.JKT.PST,1,ABD MA'RUF
00005/PID.B/TPKOR/2011/PN.JKT.PST,1,ARY MULADI
00006/PID.B/TPKOR/2011/PN.JKT.PST,1,ARIS PRANATA
00007/PID.B/TPKOR/2011/PN.JKT.PST,1,SYAMSUL ARIFIN
00008/PID.B/TPKOR/2011/PN.JKT.PST,1,AGUS MULYANA BIN H.MAMAD ROCHAELI
00008/PID.B/TPKOR/2011/PN.JKT.PST,2,AGUS SETIAWAN BIN A PUD
00008/PID.B/TPKOR/2011/PN.JKT.PST,3,IMAM WAHYUDI
00008/PID.B/TPKOR/2011/PN.JKT.PST,4,DEDEN ZACKY HASAN DJAFAR SH BIN ABDUL KADIR
00009/PID.B/TPKOR/2011/PN.JKT.PST,1,TCHIKANGOLIA MOREL EMMANUEL ALIAS COPER
00009/PID.B/TPKOR/2011/PN.JKT.PST,2,GOENARTO HARTO BIN SODIANTO
00010/PID.B/TPKOR/2011/PN.JKT.PST,1,SYAH MAULANA MANAF
00011/PID.B/TPKOR/2011/PN.JKT.PST,1,CHARLES MARPAUNG
00012/PID.B/TPKOR/2011/PN.JKT.PST,1,RIANTO BUDIRAHARDJA
00013/PID.B/TPKOR/2011/PN.JKT.PST,1,MUSPAR AZIZ
00014/PID.B/TPKOR/2011/PN.JKT.PST,1,AGUS CONDRO PRAYITNO
00014/PID.B/TPKOR/2011/PN.JKT.PST,2,MAX MOEIN
00014/PID.B/TPKOR/2011/PN.JKT.PST,3,RUSMAN LUMBAN TORUAN
00014/PID.B/TPKOR/2011/PN.JKT.PST,4,POLTAK SITORUS
00014/PID.B/TPKOR/2011/PN.JKT.PST,5,WILLIEM MAX TUTUARIMA
00015/PID.B/TPKOR/2011/PN.JKT.PST,1,ASEP RUCHIMAT SUDJANA
00015/PID.B/TPKOR/2011/PN.JKT.PST,2,TEUKU MUHAMMAD NURLIF
00015/PID.B/TPKOR/2011/PN.JKT.PST,3,BAHARUDDIN ARITONANG
00015/PID.B/TPKOR/2011/PN.JKT.PST,4,REZA KAMARULLAH
00015/PID.B/TPKOR/2011/PN.JKT.PST,5,HENGKY BARAMULI
